,0,5IAFL_3_P800-FIT680.51,5IAFL_3_P800-PIT403.50,5IAFL_3_P800-LIT680.55,5IAFL_3_P800-PIT680.52,5IAFL_3_P800-TT680.61,5IAFL_3_P800-dP403.50,5IAFL_3_P800-PIT403.51,5IAFL_3_P800-FIT403.52,5IAFL_3_P800-QIT680.65,5IAFL_3_P800-Mode,5IAFL_3_P800-LSL403.60,5IAFL_3_P800-P403.70_CIP,5IAFL_3_P800-P403.70_INK,5IAFL_3_P800-P680.70,5IAFL_3_P800-P685.70,5IAFL_3_P800-XPV403.03,5IAFL_3_P800-XPV403.06,5IAFL_3_P800-XPV403.48,5IAFL_3_P800-XPV680.12,5IAFL_3_P800-XPV680.13,5IAFL_3_P800-XPV680.14,5IAFL_3_P800-XPV680.15,5IAFL_3_P800-XPV680.16,5IAFL_3_P800-XPV680.17,5IAFL_3_P800-XPV680.18,5IAFL_3_P800-XPV680.19,5IAFL_3_P800-XPV680.31,5IAFL_3_P800-XPV685.11,5IAFL_3_P800-XPV685.12,5IAFL_3_P800-XPV685.30,5IAFL_3_P800-XPV685.31
0,2023-04-18 00:01:00,   0.00,   4.31,   0.00,   0.01,   0.00,   0.14,   4.18,   0.07,   0.36,   1,   1,   0,   1,   0,   0,   0,   0,   0,   0,   0,   0,   0,   0,   0,   0,   0,   0,   0,   0,   0,   0
1,2023-04-18 00:02:00,   0.00,   1.55,   0.00,   0.01,   0.00,   0.93,   0.60,  61.77,   0.36,   1,   1,   0,   1,   0,   0,   0,   0,   0,   0,   0,   0,   0,   0,   0,   0,   0,   0,   0,   0,   0,   0
2,2023-04-18 00:03:00,   0.00,   4.33,   0.00,   0.01,   0.00,   0.14,   4.21,   0.07,   0.36,   1,   1,   0,   1,   0,   0,   0,   0,   0,   0,   0,   0,   0,   0,   0,   0,   0,   0,   0,   0,   0,   0
3,2023-04-18 00:04:00,   0.00,   4.18,   0.00,   0.01,   0.00,   0.14,   4.10,   0.07,   0.36,   1,   1,   0,   1,   0,   0,   0,   0,   0,   0,   0,   0,   0,   0,   0,   0,   0,   0,   0,   0,   0,   0
4,2023-04-18 00:05:00,   0.00,   4.31,   0.00,   0.01,   0.00,   0.14,   4.15,   0.07,   0.36,   1,   1,   0,   1,   0,   0,   0,   0,   0,   0,   0,   0,   0,   0,   0,   0,   0,   0,   0,   0,   0,   0
5,2023-04-18 00:06:00,   0.00,   4.30,   0.00,   0.01,   0.00,   0.14,   4.18,   0.07,   0.36,   1,   1,   0,   1,   0,   0,   0,   0,   0,   0,   0,   0,   0,   0,   0,   0,   0,   0,   0,   0,   0,   0
6,2023-04-18 00:07:00,   0.00,   4.33,   0.00,   0.01,   0.00,   0.14,   4.14,   0.07,   0.36,   1,   1,   0,   1,   0,   0,   0,   0,   0,   0,   0,   0,   0,   0,   0,   0,   0,   0,   0,   0,   0,   0
7,2023-04-18 00:08:00,   0.00,   4.28,   0.00,   0.01,   0.00,   0.14,   4.15,   0.07,   0.36,   1,   1,   0,   1,   0,   0,   0,   0,   0,   0,   0,   0,   0,   0,   0,   0,   0,   0,   0,   0,   0,   0
8,2023-04-18 00:09:00,   0.00,   4.32,   0.00,   0.01,   0.00,   0.14,   4.19,   0.07,   0.36,   1,   1,   0,   1,   0,   0,   0,   0,   0,   0,   0,   0,   0,   0,   0,   0,   0,   0,   0,   0,   0,   0
9,2023-04-18 00:10:00,   0.00,   4.25,   0.00,   0.01,   0.00,   0.14,   4.13,   0.07,   0.36,   1,   1,   0,   1,   0,   0,   0,   0,   0,   0,   0,   0,   0,   0,   0,   0,   0,   0,   0,   0,   0,   0
10,2023-04-18 00:11:00,   0.00,   4.28,   0.00,   0.01,   0.00,   0.14,   4.17,   0.07,   0.36,   1,   1,   0,   1,   0,   0,   0,   0,   0,   0,   0,   0,   0,   0,   0,   0,   0,   0,   0,   0,   0,   0
11,2023-04-18 00:12:00,   0.00,   4.23,   0.00,   0.01,   0.00,   0.14,   4.16,   0.07,   0.36,   1,   1,   0,   1,   0,   0,   0,   0,   0,   0,   0,   0,   0,   0,   0,   0,   0,   0,   0,   0,   0,   0
12,2023-04-18 00:13:00,   0.00,   4.28,   0.00,   0.01,   0.00,   0.13,   4.15,   0.07,   0.36,   1,   1,   0,   1,   0,   0,   0,   0,   0,   0,   0,   0,   0,   0,   0,   0,   0,   0,   0,   0,   0,   0
13,2023-04-18 00:14:00,   0.00,   4.21,   0.00,   0.01,   0.00,   0.13,   4.08,   0.07,   0.36,   1,   1,   0,   1,   0,   0,   0,   0,   0,   0,   0,   0,   0,   0,   0,   0,   0,   0,   0,   0,   0,   0
14,2023-04-18 00:15:00,   0.00,   4.28,   0.00,   0.01,   0.00,   0.13,   4.15,   0.07,   0.36,   1,   1,   0,   1,   0,   0,   0,   0,   0,   0,   0,   0,   0,   0,   0,   0,   0,   0,   0,   0,   0,   0
15,2023-04-18 00:16:00,   0.00,   4.22,   0.00,   0.01,   0.00,   0.13,   4.09,   0.07,   0.36,   1,   1,   0,   1,   0,   0,   0,   0,   0,   0,   0,   0,   0,   0,   0,   0,   0,   0,   0,   0,   0,   0
16,2023-04-18 00:17:00,   0.00,   4.35,   0.00,   0.01,   0.00,   0.13,   4.23,   0.07,   0.36,   1,   1,   0,   1,   0,   0,   0,   0,   0,   0,   0,   0,   0,   0,   0,   0,   0,   0,   0,   0,   0,   0
17,2023-04-18 00:18:00,   0.00,   4.34,   0.00,   0.01,   0.00,   0.13,   4.22,   0.07,   0.36,   1,   1,   0,   1,   0,   0,   0,   0,   0,   0,   0,   0,   0,   0,   0,   0,   0,   0,   0,   0,   0,   0
18,2023-04-18 00:19:00,   0.00,   4.23,   0.00,   0.01,   0.00,   0.13,   4.10,   0.07,   0.36,   1,   1,   0,   1,   0,   0,   0,   0,   0,   0,   0,   0,   0,   0,   0,   0,   0,   0,   0,   0,   0,   0
19,2023-04-18 00:20:00,   0.00,   4.26,   0.00,   0.01,   0.00,   0.13,   4.13,   0.07,   0.36,   1,   1,   0,   1,   0,   0,   0,   0,   0,   0,   0,   0,   0,   0,   0,   0,   0,   0,   0,   0,   0,   0
20,2023-04-18 00:21:00,   0.00,   4.27,   0.00,   0.01,   0.00,   0.13,   4.14,   0.07,   0.36,   1,   1,   0,   1,   0,   0,   0,   0,   0,   0,   0,   0,   0,   0,   0,   0,   0,   0,   0,   0,   0,   0
21,2023-04-18 00:22:00,   0.00,   4.22,   0.00,   0.01,   0.00,   0.13,   4.11,   0.07,   0.36,   1,   1,   0,   1,   0,   0,   0,   0,   0,   0,   0,   0,   0,   0,   0,   0,   0,   0,   0,   0,   0,   0
22,2023-04-18 00:23:00,   0.00,   4.18,   0.00,   0.01,   0.00,   0.13,   4.06,   0.07,   0.36,   1,   1,   0,   1,   0,   0,   0,   0,   0,   0,   0,   0,   0,   0,   0,   0,   0,   0,   0,   0,   0,   0
23,2023-04-18 00:24:00,   0.00,   4.26,   0.00,   0.01,   0.00,   0.13,   4.13,   0.07,   0.36,   1,   1,   0,   1,   0,   0,   0,   0,   0,   0,   0,   0,   0,   0,   0,   0,   0,   0,   0,   0,   0,   0
24,2023-04-18 00:25:00,   0.00,   4.33,   0.00,   0.01,   0.00,   0.13,   4.21,   0.07,   0.36,   1,   1,   0,   1,   0,   0,   0,   0,   0,   0,   0,   0,   0,   0,   0,   0,   0,   0,   0,   0,   0,   0
25,2023-04-18 00:26:00,   0.00,   4.30,   0.00,   0.01,   0.00,   0.13,   4.17,   0.07,   0.36,   1,   1,   0,   1,   0,   0,   0,   0,   0,   0,   0,   0,   0,   0,   0,   0,   0,   0,   0,   0,   0,   0
26,2023-04-18 00:27:00,   0.00,   4.33,   0.00,   0.01,   0.00,   0.13,   4.21,   0.07,   0.36,   1,   1,   0,   1,   0,   0,   0,   0,   0,   0,   0,   0,   0,   0,   0,   0,   0,   0,   0,   0,   0,   0
27,2023-04-18 00:28:00,   0.00,   4.24,   0.00,   0.01,   0.00,   0.13,   4.12,   0.07,   0.36,   1,   1,   0,   1,   0,   0,   0,   0,   0,   0,   0,   0,   0,   0,   0,   0,   0,   0,   0,   0,   0,   0
28,2023-04-18 00:29:00,   0.00,   4.27,   0.00,   0.01,   0.00,   0.13,   4.15,   0.07,   0.36,   1,   1,   0,   1,   0,   0,   0,   0,   0,   0,   0,   0,   0,   0,   0,   0,   0,   0,   0,   0,   0,   0
29,2023-04-18 00:30:00,   0.00,   4.24,   0.00,   0.01,   0.00,   0.13,   4.11,   0.07,   0.36,   1,   1,   0,   1,   0,   0,   0,   0,   0,   0,   0,   0,   0,   0,   0,   0,   0,   0,   0,   0,   0,   0
30,2023-04-18 00:31:00,   0.00,   4.30,   0.00,   0.01,   0.00,   0.13,   4.17,   0.07,   0.36,   1,   1,   0,   1,   0,   0,   0,   0,   0,   0,   0,   0,   0,   0,   0,   0,   0,   0,   0,   0,   0,   0
31,2023-04-18 00:32:00,   0.00,   4.31,   0.00,   0.01,   0.00,   0.13,   4.19,   0.07,   0.36,   1,   1,   0,   1,   0,   0,   0,   0,   0,   0,   0,   0,   0,   0,   0,   0,   0,   0,   0,   0,   0,   0
32,2023-04-18 00:33:00,   0.00,   4.26,   0.00,   0.01,   0.00,   0.12,   4.13,   0.07,   0.36,   1,   1,   0,   1,   0,   0,   0,   0,   0,   0,   0,   0,   0,   0,   0,   0,   0,   0,   0,   0,   0,   0
33,2023-04-18 00:34:00,   0.00,   4.19,   0.00,   0.01,   0.00,   0.12,   4.15,   0.07,   0.36,   1,   1,   0,   1,   0,   0,   0,   0,   0,   0,   0,   0,   0,   0,   0,   0,   0,   0,   0,   0,   0,   0
34,2023-04-18 00:35:00,   0.00,   4.30,   0.00,   0.01,   0.00,   0.12,   4.18,   0.07,   0.36,   1,   1,   0,   1,   0,   0,   0,   0,   0,   0,   0,   0,   0,   0,   0,   0,   0,   0,   0,   0,   0,   0
35,2023-04-18 00:36:00,   0.00,   4.24,   0.00,   0.01,   0.00,   0.12,   4.12,   0.07,   0.36,   1,   1,   0,   1,   0,   0,   0,   0,   0,   0,   0,   0,   0,   0,   0,   0,   0,   0,   0,   0,   0,   0
36,2023-04-18 00:37:00,   0.00,   4.27,   0.00,   0.01,   0.00,   0.12,   4.14,   0.07,   0.36,   1,   1,   0,   1,   0,   0,   0,   0,   0,   0,   0,   0,   0,   0,   0,   0,   0,   0,   0,   0,   0,   0
37,2023-04-18 00:38:00,   0.00,   4.28,   0.00,   0.01,   0.00,   0.12,   4.16,   0.07,   0.36,   1,   1,   0,   1,   0,   0,   0,   0,   0,   0,   0,   0,   0,   0,   0,   0,   0,   0,   0,   0,   0,   0
38,2023-04-18 00:39:00,   0.00,   1.68,   0.00,   0.01,   0.00,   1.04,   0.64,  66.83,   0.36,   1,   1,   0,   1,   0,   0,   0,   0,   0,   0,   0,   0,   0,   0,   0,   0,   0,   0,   0,   0,   0,   0
39,2023-04-18 00:40:00,   0.00,   4.26,   0.00,   0.01,   0.00,   0.15,   4.07,   0.07,   0.36,   1,   1,   0,   1,   0,   0,   0,   0,   0,   0,   0,   0,   0,   0,   0,   0,   0,   0,   0,   0,   0,   0
40,2023-04-18 00:41:00,   0.00,   1.68,   0.00,   0.01,   0.00,   1.03,   0.66,  65.94,   0.36,   1,   1,   0,   1,   0,   0,   0,   0,   0,   0,   0,   0,   0,   0,   0,   0,   0,   0,   0,   0,   0,   0
41,2023-04-18 00:42:00,   0.00,   4.35,   0.00,   0.01,   0.00,   0.15,   4.23,   0.07,   0.36,   1,   1,   0,   1,   0,   0,   0,   0,   0,   0,   0,   0,   0,   0,   0,   0,   0,   0,   0,   0,   0,   0
42,2023-04-18 00:43:00,   0.00,   4.25,   0.00,   0.01,   0.00,   0.16,   4.10,   0.07,   0.36,   1,   1,   0,   1,   0,   0,   0,   0,   0,   0,   0,   0,   0,   0,   0,   0,   0,   0,   0,   0,   0,   0
43,2023-04-18 00:44:00,   0.00,   2.41,   0.00,   0.01,   0.00,   0.80,   1.61,  53.22,   0.36,   1,   1,   0,   1,   0,   0,   0,   0,   0,   0,   0,   0,   0,   0,   0,   0,   0,   0,   0,   0,   0,   0
44,2023-04-18 00:45:00,   0.00,   1.63,   0.00,   0.01,   0.00,   0.98,   0.63,  64.73,   0.36,   1,   1,   0,   1,   0,   0,   0,   0,   0,   0,   0,   0,   0,   0,   0,   0,   0,   0,   0,   0,   0,   0
45,2023-04-18 00:46:00,   0.00,   2.65,   0.00,   0.01,   0.00,   0.81,   1.84,  71.78,   0.36,   1,   1,   0,   1,   0,   0,   0,   0,   0,   0,   0,   0,   0,   0,   0,   0,   0,   0,   0,   0,   0,   0
46,2023-04-18 00:47:00,   0.00,   1.56,   0.00,   0.01,   0.00,   0.95,   0.60,  63.74,   0.36,   1,   1,   0,   1,   0,   0,   0,   0,   0,   0,   0,   0,   0,   0,   0,   0,   0,   0,   0,   0,   0,   0
47,2023-04-18 00:48:00,   0.00,   2.04,   0.00,   0.01,   0.00,   0.84,   1.19,  60.70,   0.36,   1,   1,   0,   1,   0,   0,   0,   0,   0,   0,   0,   0,   0,   0,   0,   0,   0,   0,   0,   0,   0,   0
48,2023-04-18 00:49:00,   0.00,   1.74,   0.00,   0.01,   0.00,   1.34,   0.44,   3.51,   0.36,   1,   0,   0,   1,   0,   0,   0,   0,   0,   0,   0,   0,   0,   0,   0,   0,   0,   0,   0,   0,   0,   0
49,2023-04-18 00:50:00,   0.00,   1.33,   0.00,   0.01,   0.00,   0.93,   0.42,   0.06,   0.36,   1,   0,   0,   0,   0,   0,   0,   0,   0,   0,   0,   0,   0,   0,   0,   0,   0,   0,   0,   0,   0,   0
50,2023-04-18 00:51:00,   0.00,   0.94,   0.00,   0.01,   0.00,   0.52,   0.40,   0.06,   0.37,   1,   0,   0,   0,   0,   0,   0,   0,   0,   0,   0,   0,   0,   0,   0,   0,   0,   0,   0,   0,   0,   0
51,2023-04-18 00:52:00,   0.00,   0.72,   0.00,   0.01,   0.00,   0.19,   0.39,   0.06,   0.37,   1,   1,   0,   0,   0,   0,   0,   0,   0,   0,   0,   0,   0,   0,   0,   0,   0,   0,   0,   0,   0,   0
52,2023-04-18 00:53:00,   0.00,   0.49,   0.00,   0.01,   0.00,   0.07,   0.37,   0.05,   0.37,   1,   0,   0,   0,   0,   0,   0,   0,   0,   0,   0,   0,   0,   0,   0,   0,   0,   0,   0,   0,   0,   0
53,2023-04-18 00:54:00,   0.00,   0.43,   0.00,   0.01,   0.00,   0.07,   0.35,   0.05,   0.37,   1,   0,   0,   0,   0,   0,   0,   0,   0,   0,   0,   0,   0,   0,   0,   0,   0,   0,   0,   0,   0,   0
54,2023-04-18 00:55:00,   0.00,   0.37,   0.00,   0.01,   0.00,   0.07,   0.32,   0.05,   0.37,   1,   0,   0,   0,   0,   0,   0,   0,   0,   0,   0,   0,   0,   0,   0,   0,   0,   0,   0,   0,   0,   0
55,2023-04-18 00:56:00,   0.00,   0.34,   0.00,   0.01,   0.00,   0.07,   0.29,   0.04,   0.37,   1,   0,   0,   0,   0,   0,   0,   0,   0,   0,   0,   0,   0,   0,   0,   0,   0,   0,   0,   0,   0,   0
56,2023-04-18 00:57:00,   0.00,   0.31,   0.00,   0.01,   0.00,   0.07,   0.25,   0.04,   0.37,   1,   0,   0,   0,   0,   0,   0,   0,   0,   0,   0,   0,   0,   0,   0,   0,   0,   0,   0,   0,   0,   0
57,2023-04-18 00:58:00,   0.00,   0.29,   0.00,   0.01,   0.00,   0.07,   0.21,   0.03,   0.37,   1,   0,   0,   0,   0,   0,   0,   0,   0,   0,   0,   0,   0,   0,   0,   0,   0,   0,   0,   0,   0,   0
58,2023-04-18 00:59:00,   0.00,   0.27,   0.00,   0.01,   0.00,   0.07,   0.20,   0.03,   0.37,   1,   0,   0,   0,   0,   0,   0,   0,   0,   0,   0,   0,   0,   0,   0,   0,   0,   0,   0,   0,   0,   0
59,2023-04-18 01:00:00,   0.00,   0.25,   0.00,   0.01,   0.00,   0.07,   0.19,   0.03,   0.37,   1,   0,   0,   0,   0,   0,   0,   0,   0,   0,   0,   0,   0,   0,   0,   0,   0,   0,   0,   0,   0,   0
60,2023-04-18 01:01:00,   0.00,   0.22,   0.00,   0.01,   0.00,   0.07,   0.19,   0.02,   0.37,   1,   1,   0,   0,   0,   0,   0,   0,   0,   0,   0,   0,   0,   0,   0,   0,   0,   0,   0,   0,   0,   0
61,2023-04-18 01:02:00,   0.00,   0.21,   0.00,   0.01,   0.00,   0.07,   0.18,   0.02,   0.37,   1,   1,   0,   0,   0,   0,   0,   0,   0,   0,   0,   0,   0,   0,   0,   0,   0,   0,   0,   0,   0,   0
62,2023-04-18 01:03:00,   0.00,   0.22,   0.00,   0.01,   0.00,   0.07,   0.17,   0.02,   0.37,   1,   1,   0,   0,   0,   0,   0,   0,   0,   0,   0,   0,   0,   0,   0,   0,   0,   0,   0,   0,   0,   0
63,2023-04-18 01:04:00,   0.00,   0.22,   0.00,   0.01,   0.00,   0.07,   0.17,   0.01,   0.37,   1,   1,   0,   0,   0,   0,   0,   0,   0,   0,   0,   0,   0,   0,   0,   0,   0,   0,   0,   0,   0,   0
64,2023-04-18 01:05:00,   0.00,   0.22,   0.00,   0.01,   0.00,   0.07,   0.16,   0.01,   0.37,   1,   1,   0,   0,   0,   0,   0,   0,   0,   0,   0,   0,   0,   0,   0,   0,   0,   0,   0,   0,   0,   0
65,2023-04-18 01:06:00,   0.00,   0.22,   0.00,   0.01,   0.00,   0.08,   0.15,   0.00,   0.37,   1,   1,   0,   0,   0,   0,   0,   0,   0,   0,   0,   0,   0,   0,   0,   0,   0,   0,   0,   0,   0,   0
66,2023-04-18 01:07:00,   0.00,   1.32,   0.00,   0.01,   0.00,   1.17,   0.15,   0.00,   0.37,   1,   1,   0,   0,   0,   0,   0,   0,   0,   0,   0,   0,   0,   0,   0,   0,   0,   0,   0,   0,   0,   0
67,2023-04-18 01:08:00,   0.00,   1.00,   0.00,   0.01,   0.00,   0.10,   0.86,   0.07,   0.37,   1,   1,   0,   0,   0,   0,   0,   0,   0,   0,   0,   0,   0,   0,   0,   0,   0,   0,   0,   0,   0,   0
68,2023-04-18 01:09:00,   0.00,   0.87,   0.00,   0.01,   0.00,   0.08,   0.79,   0.07,   0.37,   1,   1,   0,   0,   0,   0,   0,   0,   0,   0,   0,   0,   0,   0,   0,   0,   0,   0,   0,   0,   0,   0
69,2023-04-18 01:10:00,   0.00,   0.75,   0.00,   0.01,   0.00,   0.06,   0.70,   0.07,   0.37,   1,   1,   0,   0,   0,   0,   0,   0,   0,   0,   0,   0,   0,   0,   0,   0,   0,   0,   0,   0,   0,   0
70,2023-04-18 01:11:00,   0.00,   2.72,   0.00,   0.01,   0.00,   2.31,   0.35,  53.06,   0.37,   1,   1,   0,   1,   0,   0,   0,   0,   0,   0,   0,   0,   0,   0,   0,   0,   0,   0,   0,   0,   0,   0
71,2023-04-18 01:12:00,   0.00,   2.22,   0.00,   0.01,   0.00,   1.79,   0.42,  59.16,   0.37,   1,   1,   0,   1,   0,   0,   0,   0,   0,   0,   0,   0,   0,   0,   0,   0,   0,   0,   0,   0,   0,   0
72,2023-04-18 01:13:00,   0.00,   4.33,   0.00,   0.01,   0.00,   0.16,   4.20,   0.07,   0.37,   1,   1,   0,   1,   0,   0,   0,   0,   0,   0,   0,   0,   0,   0,   0,   0,   0,   0,   0,   0,   0,   0
73,2023-04-18 01:14:00,   0.00,   4.31,   0.00,   0.01,   0.00,   0.15,   4.19,   0.07,   0.37,   1,   1,   0,   1,   0,   0,   0,   0,   0,   0,   0,   0,   0,   0,   0,   0,   0,   0,   0,   0,   0,   0
74,2023-04-18 01:15:00,   0.00,   4.31,   0.00,   0.01,   0.00,   0.14,   4.19,   0.07,   0.37,   1,   1,   0,   1,   0,   0,   0,   0,   0,   0,   0,   0,   0,   0,   0,   0,   0,   0,   0,   0,   0,   0
75,2023-04-18 01:16:00,   0.00,   2.20,   0.00,   0.01,   0.00,   1.52,   0.60,  60.04,   0.37,   1,   1,   0,   1,   0,   0,   0,   0,   0,   0,   0,   0,   0,   0,   0,   0,   0,   0,   0,   0,   0,   0
76,2023-04-18 01:17:00,   0.00,   2.06,   0.00,   0.01,   0.00,   1.46,   0.61,  60.89,   0.37,   1,   1,   0,   1,   0,   0,   0,   0,   0,   0,   0,   0,   0,   0,   0,   0,   0,   0,   0,   0,   0,   0
77,2023-04-18 01:18:00,   0.00,   4.26,   0.00,   0.01,   0.00,   0.16,   4.13,   0.07,   0.37,   1,   1,   0,   1,   0,   0,   0,   0,   0,   0,   0,   0,   0,   0,   0,   0,   0,   0,   0,   0,   0,   0
78,2023-04-18 01:19:00,   0.00,   1.95,   0.00,   0.01,   0.00,   1.33,   0.64,  62.01,   0.37,   1,   1,   0,   1,   0,   0,   0,   0,   0,   0,   0,   0,   0,   0,   0,   0,   0,   0,   0,   0,   0,   0
79,2023-04-18 01:20:00,   0.00,   4.24,   0.00,   0.01,   0.00,   0.15,   4.11,   0.07,   0.37,   1,   1,   0,   1,   0,   0,   0,   0,   0,   0,   0,   0,   0,   0,   0,   0,   0,   0,   0,   0,   0,   0
80,2023-04-18 01:21:00,   0.00,   2.77,   0.00,   0.01,   0.00,   0.92,   1.85,  48.29,   0.37,   1,   1,   0,   1,   0,   0,   0,   0,   0,   0,   0,   0,   0,   0,   0,   0,   0,   0,   0,   0,   0,   0
81,2023-04-18 01:22:00,   0.00,   1.81,   0.00,   0.01,   0.00,   1.21,   0.62,  61.96,   0.37,   1,   1,   0,   1,   0,   0,   0,   0,   0,   0,   0,   0,   0,   0,   0,   0,   0,   0,   0,   0,   0,   0
82,2023-04-18 01:23:00,   0.00,   3.14,   0.00,   0.01,   0.00,   0.77,   2.37,  56.43,   0.37,   1,   1,   0,   1,   0,   0,   0,   0,   0,   0,   0,   0,   0,   0,   0,   0,   0,   0,   0,   0,   0,   0
83,2023-04-18 01:24:00,   0.00,   1.76,   0.00,   0.01,   0.00,   1.12,   0.61,  62.07,   0.37,   1,   1,   0,   1,   0,   0,   0,   0,   0,   0,   0,   0,   0,   0,   0,   0,   0,   0,   0,   0,   0,   0
84,2023-04-18 01:25:00,   0.00,   2.62,   0.00,   0.01,   0.00,   0.91,   1.83,  64.20,   0.37,   1,   1,   0,   1,   0,   0,   0,   0,   0,   0,   0,   0,   0,   0,   0,   0,   0,   0,   0,   0,   0,   0
85,2023-04-18 01:26:00,   0.00,   1.70,   0.00,   0.01,   0.00,   1.08,   0.64,  62.55,   0.37,   1,   1,   0,   1,   0,   0,   0,   0,   0,   0,   0,   0,   0,   0,   0,   0,   0,   0,   0,   0,   0,   0
86,2023-04-18 01:27:00,   0.00,   2.61,   0.00,   0.01,   0.00,   0.80,   1.81,  48.64,   0.37,   1,   1,   0,   1,   0,   0,   0,   0,   0,   0,   0,   0,   0,   0,   0,   0,   0,   0,   0,   0,   0,   0
87,2023-04-18 01:28:00,   0.00,   1.69,   0.00,   0.01,   0.00,   1.02,   0.65,  62.33,   0.37,   1,   1,   0,   1,   0,   0,   0,   0,   0,   0,   0,   0,   0,   0,   0,   0,   0,   0,   0,   0,   0,   0
88,2023-04-18 01:29:00,   0.00,   3.04,   0.00,   0.01,   0.00,   0.62,   2.48,  49.92,   0.37,   1,   1,   0,   1,   0,   0,   0,   0,   0,   0,   0,   0,   0,   0,   0,   0,   0,   0,   0,   0,   0,   0
89,2023-04-18 01:30:00,   0.00,   1.64,   0.00,   0.01,   0.00,   1.02,   0.62,  62.74,   0.37,   1,   1,   0,   1,   0,   0,   0,   0,   0,   0,   0,   0,   0,   0,   0,   0,   0,   0,   0,   0,   0,   0
90,2023-04-18 01:31:00,   0.00,   2.64,   0.00,   0.01,   0.00,   0.85,   1.79,  64.20,   0.37,   1,   1,   0,   1,   0,   0,   0,   0,   0,   0,   0,   0,   0,   0,   0,   0,   0,   0,   0,   0,   0,   0
91,2023-04-18 01:32:00,   0.00,   4.34,   0.00,   0.01,   0.00,   0.15,   4.13,   0.07,   0.37,   1,   1,   0,   1,   0,   0,   0,   0,   0,   0,   0,   0,   0,   0,   0,   0,   0,   0,   0,   0,   0,   0
92,2023-04-18 01:33:00,   0.00,   1.63,   0.00,   0.01,   0.00,   1.01,   0.62,  62.57,   0.37,   1,   1,   0,   1,   0,   0,   0,   0,   0,   0,   0,   0,   0,   0,   0,   0,   0,   0,   0,   0,   0,   0
93,2023-04-18 01:34:00,   0.00,   4.31,   0.00,   0.01,   0.00,   0.21,   4.18,   0.07,   0.37,   1,   1,   0,   1,   0,   0,   0,   0,   0,   0,   0,   0,   0,   0,   0,   0,   0,   0,   0,   0,   0,   0
94,2023-04-18 01:35:00,   0.00,   1.62,   0.00,   0.01,   0.00,   0.98,   0.62,  62.76,   0.37,   1,   1,   0,   1,   0,   0,   0,   0,   0,   0,   0,   0,   0,   0,   0,   0,   0,   0,   0,   0,   0,   0
95,2023-04-18 01:36:00,   0.00,   4.29,   0.00,   0.01,   0.00,   0.15,   4.17,   0.07,   0.37,   1,   1,   0,   1,   0,   0,   0,   0,   0,   0,   0,   0,   0,   0,   0,   0,   0,   0,   0,   0,   0,   0
96,2023-04-18 01:37:00,   0.00,   1.63,   0.00,   0.01,   0.00,   0.94,   0.62,  64.17,   0.37,   1,   1,   0,   1,   0,   0,   0,   0,   0,   0,   0,   0,   0,   0,   0,   0,   0,   0,   0,   0,   0,   0
97,2023-04-18 01:38:00,   0.00,   1.61,   0.00,   0.01,   0.00,   0.99,   0.62,  62.89,   0.37,   1,   1,   0,   1,   0,   0,   0,   0,   0,   0,   0,   0,   0,   0,   0,   0,   0,   0,   0,   0,   0,   0
98,2023-04-18 01:39:00,   0.00,   4.29,   0.00,   0.01,   0.00,   0.14,   4.17,   0.07,   0.37,   1,   1,   0,   1,   0,   0,   0,   0,   0,   0,   0,   0,   0,   0,   0,   0,   0,   0,   0,   0,   0,   0
99,2023-04-18 01:40:00,   0.00,   1.60,   0.00,   0.01,   0.00,   0.97,   0.61,  62.35,   0.37,   1,   1,   0,   1,   0,   0,   0,   0,   0,   0,   0,   0,   0,   0,   0,   0,   0,   0,   0,   0,   0,   0
100,2023-04-18 01:41:00,   0.00,   4.32,   0.00,   0.01,   0.00,   0.19,   4.19,   0.07,   0.37,   1,   1,   0,   1,   0,   0,   0,   0,   0,   0,   0,   0,   0,   0,   0,   0,   0,   0,   0,   0,   0,   0
101,2023-04-18 01:42:00,   0.00,   4.25,   0.00,   0.01,   0.00,   0.18,   4.13,   0.07,   0.37,   1,   1,   0,   1,   0,   0,   0,   0,   0,   0,   0,   0,   0,   0,   0,   0,   0,   0,   0,   0,   0,   0
102,2023-04-18 01:43:00,   0.00,   4.29,   0.00,   0.01,   0.00,   0.18,   4.16,   0.07,   0.37,   1,   1,   0,   1,   0,   0,   0,   0,   0,   0,   0,   0,   0,   0,   0,   0,   0,   0,   0,   0,   0,   0
103,2023-04-18 01:44:00,   0.00,   4.29,   0.00,   0.01,   0.00,   0.17,   4.17,   0.07,   0.37,   1,   1,   0,   1,   0,   0,   0,   0,   0,   0,   0,   0,   0,   0,   0,   0,   0,   0,   0,   0,   0,   0
104,2023-04-18 01:45:00,   0.00,   4.31,   0.00,   0.01,   0.00,   0.16,   4.18,   0.07,   0.37,   1,   1,   0,   1,   0,   0,   0,   0,   0,   0,   0,   0,   0,   0,   0,   0,   0,   0,   0,   0,   0,   0
105,2023-04-18 01:46:00,   0.00,   4.32,   0.00,   0.01,   0.00,   0.15,   4.19,   0.07,   0.37,   1,   1,   0,   1,   0,   0,   0,   0,   0,   0,   0,   0,   0,   0,   0,   0,   0,   0,   0,   0,   0,   0
106,2023-04-18 01:47:00,   0.00,   4.20,   0.00,   0.01,   0.00,   0.14,   4.09,   0.07,   0.37,   1,   1,   0,   1,   0,   0,   0,   0,   0,   0,   0,   0,   0,   0,   0,   0,   0,   0,   0,   0,   0,   0
107,2023-04-18 01:48:00,   0.00,   1.77,   0.00,   0.01,   0.00,   0.98,   0.81,  64.16,   0.37,   1,   1,   0,   1,   0,   0,   0,   0,   0,   0,   0,   0,   0,   0,   0,   0,   0,   0,   0,   0,   0,   0
108,2023-04-18 01:49:00,   0.00,   1.62,   0.00,   0.01,   0.00,   0.98,   0.62,  63.84,   0.37,   1,   1,   0,   1,   0,   0,   0,   0,   0,   0,   0,   0,   0,   0,   0,   0,   0,   0,   0,   0,   0,   0
109,2023-04-18 01:50:00,   0.00,   1.72,   0.00,   0.01,   0.00,   0.97,   0.74,  63.42,   0.37,   1,   1,   0,   1,   0,   0,   0,   0,   0,   0,   0,   0,   0,   0,   0,   0,   0,   0,   0,   0,   0,   0
110,2023-04-18 01:51:00,   0.00,   1.60,   0.00,   0.01,   0.00,   0.98,   0.61,  63.44,   0.37,   1,   1,   0,   1,   0,   0,   0,   0,   0,   0,   0,   0,   0,   0,   0,   0,   0,   0,   0,   0,   0,   0
111,2023-04-18 01:52:00,   0.00,   4.32,   0.00,   0.01,   0.00,   0.20,   4.20,   0.07,   0.37,   1,   1,   0,   1,   0,   0,   0,   0,   0,   0,   0,   0,   0,   0,   0,   0,   0,   0,   0,   0,   0,   0
112,2023-04-18 01:53:00,   0.00,   4.36,   0.00,   0.01,   0.00,   0.16,   4.23,   0.07,   0.37,   1,   1,   0,   1,   0,   0,   0,   0,   0,   0,   0,   0,   0,   0,   0,   0,   0,   0,   0,   0,   0,   0
113,2023-04-18 01:54:00,   0.00,   4.23,   0.00,   0.01,   0.00,   0.12,   4.11,   0.07,   0.37,   1,   1,   0,   1,   0,   0,   0,   0,   0,   0,   0,   0,   0,   0,   0,   0,   0,   0,   0,   0,   0,   0
114,2023-04-18 01:55:00,   0.00,   1.61,   0.00,   0.01,   0.00,   0.99,   0.62,  63.54,   0.37,   1,   1,   0,   1,   0,   0,   0,   0,   0,   0,   0,   0,   0,   0,   0,   0,   0,   0,   0,   0,   0,   0
115,2023-04-18 01:56:00,   0.00,   4.32,   0.00,   0.01,   0.00,   0.14,   4.19,   0.07,   0.37,   1,   1,   0,   1,   0,   0,   0,   0,   0,   0,   0,   0,   0,   0,   0,   0,   0,   0,   0,   0,   0,   0
116,2023-04-18 01:57:00,   0.00,   4.33,   0.00,   0.01,   0.00,   0.13,   4.20,   0.07,   0.37,   1,   1,   0,   1,   0,   0,   0,   0,   0,   0,   0,   0,   0,   0,   0,   0,   0,   0,   0,   0,   0,   0
117,2023-04-18 01:58:00,   0.00,   4.26,   0.00,   0.01,   0.00,   0.12,   4.14,   0.07,   0.37,   1,   1,   0,   1,   0,   0,   0,   0,   0,   0,   0,   0,   0,   0,   0,   0,   0,   0,   0,   0,   0,   0
118,2023-04-18 01:59:00,   0.00,   1.64,   0.00,   0.01,   0.00,   0.98,   0.66,  64.01,   0.37,   1,   1,   0,   1,   0,   0,   0,   0,   0,   0,   0,   0,   0,   0,   0,   0,   0,   0,   0,   0,   0,   0
119,2023-04-18 02:00:00,   0.00,   4.24,   0.00,   0.01,   0.00,   0.16,   4.12,   0.07,   0.37,   1,   1,   0,   1,   0,   0,   0,   0,   0,   0,   0,   0,   0,   0,   0,   0,   0,   0,   0,   0,   0,   0
120,2023-04-18 02:01:00,   0.00,   1.60,   0.00,   0.01,   0.00,   0.95,   0.63,  63.49,   0.37,   1,   1,   0,   1,   0,   0,   0,   0,   0,   0,   0,   0,   0,   0,   0,   0,   0,   0,   0,   0,   0,   0
121,2023-04-18 02:02:00,   0.00,   4.33,   0.00,   0.01,   0.00,   0.16,   4.08,   0.07,   0.37,   1,   1,   0,   1,   0,   0,   0,   0,   0,   0,   0,   0,   0,   0,   0,   0,   0,   0,   0,   0,   0,   0
122,2023-04-18 02:03:00,   0.00,   4.21,   0.00,   0.01,   0.00,   0.15,   4.08,   0.07,   0.37,   1,   1,   0,   1,   0,   0,   0,   0,   0,   0,   0,   0,   0,   0,   0,   0,   0,   0,   0,   0,   0,   0
123,2023-04-18 02:04:00,   0.00,   4.28,   0.00,   0.01,   0.00,   0.14,   4.16,   0.07,   0.37,   1,   1,   0,   1,   0,   0,   0,   0,   0,   0,   0,   0,   0,   0,   0,   0,   0,   0,   0,   0,   0,   0
124,2023-04-18 02:05:00,   0.00,   4.19,   0.00,   0.01,   0.00,   0.14,   4.16,   0.07,   0.37,   1,   1,   0,   1,   0,   0,   0,   0,   0,   0,   0,   0,   0,   0,   0,   0,   0,   0,   0,   0,   0,   0
125,2023-04-18 02:06:00,   0.00,   4.18,   0.00,   0.01,   0.00,   0.18,   4.00,   9.31,   0.37,   1,   1,   0,   1,   0,   0,   0,   0,   0,   0,   0,   0,   0,   0,   0,   0,   0,   0,   0,   0,   0,   0
126,2023-04-18 02:07:00,   0.00,   1.60,   0.00,   0.01,   0.00,   0.96,   0.62,  63.58,   0.37,   1,   1,   0,   1,   0,   0,   0,   0,   0,   0,   0,   0,   0,   0,   0,   0,   0,   0,   0,   0,   0,   0
127,2023-04-18 02:08:00,   0.00,   4.28,   0.00,   0.01,   0.00,   0.13,   4.15,   0.07,   0.37,   1,   1,   0,   1,   0,   0,   0,   0,   0,   0,   0,   0,   0,   0,   0,   0,   0,   0,   0,   0,   0,   0
128,2023-04-18 02:09:00,   0.00,   1.99,   0.00,   0.01,   0.00,   1.63,   0.39,   2.07,   0.37,   1,   0,   0,   0,   0,   0,   0,   0,   0,   0,   0,   0,   0,   0,   0,   0,   0,   0,   0,   0,   0,   0
129,2023-04-18 02:10:00,   0.00,   1.47,   0.00,   0.01,   0.00,   1.09,   0.37,   2.02,   0.38,   1,   0,   0,   0,   0,   0,   0,   0,   0,   0,   0,   0,   0,   0,   0,   0,   0,   0,   0,   0,   0,   0
130,2023-04-18 02:11:00,   0.00,   1.16,   0.00,   0.01,   0.00,   0.79,   0.36,   0.07,   0.38,   1,   0,   0,   0,   0,   0,   0,   0,   0,   0,   0,   0,   0,   0,   0,   0,   0,   0,   0,   0,   0,   0
131,2023-04-18 02:12:00,   0.00,   0.77,   0.00,   0.01,   0.00,   0.32,   0.34,   0.07,   0.38,   1,   0,   0,   0,   0,   0,   0,   0,   0,   0,   0,   0,   0,   0,   0,   0,   0,   0,   0,   0,   0,   0
132,2023-04-18 02:13:00,   0.00,   0.46,   0.00,   0.01,   0.00,   0.08,   0.32,   0.07,   0.38,   1,   0,   0,   0,   0,   0,   0,   0,   0,   0,   0,   0,   0,   0,   0,   0,   0,   0,   0,   0,   0,   0
133,2023-04-18 02:14:00,   0.00,   0.39,   0.00,   0.01,   0.00,   0.05,   0.31,   0.07,   0.38,   1,   0,   0,   0,   0,   0,   0,   0,   0,   0,   0,   0,   0,   0,   0,   0,   0,   0,   0,   0,   0,   0
134,2023-04-18 02:15:00,   0.00,   0.33,   0.00,   0.01,   0.00,   0.05,   0.29,   0.07,   0.38,   1,   0,   0,   0,   0,   0,   0,   0,   0,   0,   0,   0,   0,   0,   0,   0,   0,   0,   0,   0,   0,   0
135,2023-04-18 02:16:00,   0.00,   0.30,   0.00,   0.01,   0.00,   0.05,   0.26,   0.07,   0.38,   1,   0,   0,   0,   0,   0,   0,   0,   0,   0,   0,   0,   0,   0,   0,   0,   0,   0,   0,   0,   0,   0
136,2023-04-18 02:17:00,   0.00,   0.27,   0.00,   0.01,   0.00,   0.05,   0.23,   0.07,   0.38,   1,   0,   0,   0,   0,   0,   0,   0,   0,   0,   0,   0,   0,   0,   0,   0,   0,   0,   0,   0,   0,   0
137,2023-04-18 02:18:00,   0.00,   0.25,   0.00,   0.01,   0.00,   0.05,   0.20,   0.07,   0.38,   1,   0,   0,   0,   0,   0,   0,   0,   0,   0,   0,   0,   0,   0,   0,   0,   0,   0,   0,   0,   0,   0
138,2023-04-18 02:19:00,   0.00,   0.22,   0.00,   0.01,   0.00,   0.05,   0.17,   0.07,   0.38,   1,   0,   0,   0,   0,   0,   0,   0,   0,   0,   0,   0,   0,   0,   0,   0,   0,   0,   0,   0,   0,   0
139,2023-04-18 02:20:00,   0.00,   0.19,   0.00,   0.01,   0.00,   0.05,   0.15,   0.07,   0.38,   1,   0,   0,   0,   0,   0,   0,   0,   0,   0,   0,   0,   0,   0,   0,   0,   0,   0,   0,   0,   0,   0
140,2023-04-18 02:21:00,   0.00,   0.17,   0.00,   0.01,   0.00,   0.06,   0.14,   0.07,   0.38,   1,   0,   0,   0,   0,   0,   0,   0,   0,   0,   0,   0,   0,   0,   0,   0,   0,   0,   0,   0,   0,   0
141,2023-04-18 02:22:00,   0.00,   0.18,   0.00,   0.01,   0.00,   0.06,   0.14,   0.07,   0.38,   1,   0,   0,   0,   0,   0,   0,   0,   0,   0,   0,   0,   0,   0,   0,   0,   0,   0,   0,   0,   0,   0
142,2023-04-18 02:23:00,   0.00,   0.19,   0.00,   0.01,   0.00,   0.06,   0.13,   0.07,   0.38,   1,   1,   0,   0,   0,   0,   0,   0,   0,   0,   0,   0,   0,   0,   0,   0,   0,   0,   0,   0,   0,   0
143,2023-04-18 02:24:00,   0.00,   0.20,   0.00,   0.01,   0.00,   0.06,   0.13,   0.07,   0.38,   1,   1,   0,   0,   0,   0,   0,   0,   0,   0,   0,   0,   0,   0,   0,   0,   0,   0,   0,   0,   0,   0
144,2023-04-18 02:25:00,   0.00,   0.21,   0.00,   0.01,   0.00,   0.06,   0.12,   0.07,   0.38,   1,   1,   0,   0,   0,   0,   0,   0,   0,   0,   0,   0,   0,   0,   0,   0,   0,   0,   0,   0,   0,   0
145,2023-04-18 02:26:00,   0.00,   0.22,   0.00,   0.01,   0.00,   0.06,   0.12,   0.07,   0.38,   1,   1,   0,   0,   0,   0,   0,   0,   0,   0,   0,   0,   0,   0,   0,   0,   0,   0,   0,   0,   0,   0
146,2023-04-18 02:27:00,   0.00,   0.23,   0.00,   0.01,   0.00,   0.06,   0.12,   0.07,   0.38,   1,   1,   0,   0,   0,   0,   0,   0,   0,   0,   0,   0,   0,   0,   0,   0,   0,   0,   0,   0,   0,   0
147,2023-04-18 02:28:00,   0.00,   0.24,   0.00,   0.01,   0.00,   0.06,   0.11,   0.07,   0.38,   1,   1,   0,   0,   0,   0,   0,   0,   0,   0,   0,   0,   0,   0,   0,   0,   0,   0,   0,   0,   0,   0
148,2023-04-18 02:29:00,   0.00,   0.24,   0.00,   0.01,   0.00,   0.06,   0.11,   0.07,   0.38,   1,   1,   0,   0,   0,   0,   0,   0,   0,   0,   0,   0,   0,   0,   0,   0,   0,   0,   0,   0,   0,   0
149,2023-04-18 02:30:00,   0.00,   0.25,   0.00,   0.01,   0.00,   0.06,   0.10,   0.07,   0.38,   1,   1,   0,   0,   0,   0,   0,   0,   0,   0,   0,   0,   0,   0,   0,   0,   0,   0,   0,   0,   0,   0
150,2023-04-18 02:31:00,   0.00,   3.26,   0.00,   0.01,   0.00,   3.16,   0.10,   0.07,   0.38,   1,   1,   0,   0,   0,   0,   0,   0,   0,   0,   0,   0,   0,   0,   0,   0,   0,   0,   0,   0,   0,   0
151,2023-04-18 02:32:00,   0.00,   0.80,   0.00,   0.01,   0.00,   0.11,   0.70,   0.07,   0.38,   1,   1,   0,   0,   0,   0,   0,   0,   0,   0,   0,   0,   0,   0,   0,   0,   0,   0,   0,   0,   0,   0
152,2023-04-18 02:33:00,   0.00,   0.66,   0.00,   0.01,   0.00,   0.05,   0.64,   0.07,   0.38,   1,   1,   0,   0,   0,   0,   0,   0,   0,   0,   0,   0,   0,   0,   0,   0,   0,   0,   0,   0,   0,   0
153,2023-04-18 02:34:00,   0.00,   2.94,   0.00,   0.01,   0.00,   2.68,   0.32,  52.60,   0.38,   1,   1,   0,   1,   0,   0,   0,   0,   0,   0,   0,   0,   0,   0,   0,   0,   0,   0,   0,   0,   0,   0
154,2023-04-18 02:35:00,   0.00,   2.24,   0.00,   0.01,   0.00,   1.80,   0.40,  58.33,   0.38,   1,   1,   0,   1,   0,   0,   0,   0,   0,   0,   0,   0,   0,   0,   0,   0,   0,   0,   0,   0,   0,   0
155,2023-04-18 02:36:00,   0.00,   4.36,   0.00,   0.01,   0.00,   0.20,   4.23,   0.07,   0.38,   1,   1,   0,   1,   0,   0,   0,   0,   0,   0,   0,   0,   0,   0,   0,   0,   0,   0,   0,   0,   0,   0
156,2023-04-18 02:37:00,   0.00,   4.39,   0.00,   0.01,   0.00,   0.17,   4.26,   0.07,   0.38,   1,   1,   0,   1,   0,   0,   0,   0,   0,   0,   0,   0,   0,   0,   0,   0,   0,   0,   0,   0,   0,   0
157,2023-04-18 02:38:00,   0.00,   4.39,   0.00,   0.01,   0.00,   0.14,   4.22,   0.07,   0.38,   1,   1,   0,   1,   0,   0,   0,   0,   0,   0,   0,   0,   0,   0,   0,   0,   0,   0,   0,   0,   0,   0
158,2023-04-18 02:39:00,   0.00,   2.11,   0.00,   0.01,   0.00,   1.51,   0.60,  59.36,   0.38,   1,   1,   0,   1,   0,   0,   0,   0,   0,   0,   0,   0,   0,   0,   0,   0,   0,   0,   0,   0,   0,   0
159,2023-04-18 02:40:00,   0.00,   4.36,   0.00,   0.01,   0.00,   0.18,   4.24,   0.07,   0.38,   1,   1,   0,   1,   0,   0,   0,   0,   0,   0,   0,   0,   0,   0,   0,   0,   0,   0,   0,   0,   0,   0
160,2023-04-18 02:41:00,   0.00,   4.29,   0.00,   0.01,   0.00,   0.18,   4.17,   0.07,   0.38,   1,   1,   0,   1,   0,   0,   0,   0,   0,   0,   0,   0,   0,   0,   0,   0,   0,   0,   0,   0,   0,   0
161,2023-04-18 02:42:00,   0.00,   4.36,   0.00,   0.01,   0.00,   0.18,   4.26,   0.07,   0.38,   1,   1,   0,   1,   0,   0,   0,   0,   0,   0,   0,   0,   0,   0,   0,   0,   0,   0,   0,   0,   0,   0
162,2023-04-18 02:43:00,   0.00,   4.41,   0.00,   0.01,   0.00,   0.18,   4.29,   0.07,   0.38,   1,   1,   0,   1,   0,   0,   0,   0,   0,   0,   0,   0,   0,   0,   0,   0,   0,   0,   0,   0,   0,   0
163,2023-04-18 02:44:00,   0.00,   4.33,   0.00,   0.01,   0.00,   0.17,   4.19,   0.07,   0.38,   1,   1,   0,   1,   0,   0,   0,   0,   0,   0,   0,   0,   0,   0,   0,   0,   0,   0,   0,   0,   0,   0
164,2023-04-18 02:45:00,   0.00,   4.27,   0.00,   0.01,   0.00,   0.17,   4.15,   0.07,   0.38,   1,   1,   0,   1,   0,   0,   0,   0,   0,   0,   0,   0,   0,   0,   0,   0,   0,   0,   0,   0,   0,   0
165,2023-04-18 02:46:00,   0.00,   4.32,   0.00,   0.01,   0.00,   0.17,   4.20,   0.07,   0.38,   1,   1,   0,   1,   0,   0,   0,   0,   0,   0,   0,   0,   0,   0,   0,   0,   0,   0,   0,   0,   0,   0
166,2023-04-18 02:47:00,   0.00,   4.32,   0.00,   0.01,   0.00,   0.17,   4.20,   0.07,   0.38,   1,   1,   0,   1,   0,   0,   0,   0,   0,   0,   0,   0,   0,   0,   0,   0,   0,   0,   0,   0,   0,   0
167,2023-04-18 02:48:00,   0.00,   4.31,   0.00,   0.01,   0.00,   0.17,   4.19,   0.07,   0.38,   1,   1,   0,   1,   0,   0,   0,   0,   0,   0,   0,   0,   0,   0,   0,   0,   0,   0,   0,   0,   0,   0
168,2023-04-18 02:49:00,   0.00,   4.40,   0.00,   0.01,   0.00,   0.17,   4.28,   0.07,   0.38,   1,   1,   0,   1,   0,   0,   0,   0,   0,   0,   0,   0,   0,   0,   0,   0,   0,   0,   0,   0,   0,   0
169,2023-04-18 02:50:00,   0.00,   4.35,   0.00,   0.01,   0.00,   0.17,   4.23,   0.07,   0.38,   1,   1,   0,   1,   0,   0,   0,   0,   0,   0,   0,   0,   0,   0,   0,   0,   0,   0,   0,   0,   0,   0
170,2023-04-18 02:51:00,   0.00,   4.35,   0.00,   0.01,   0.00,   0.16,   4.23,   0.07,   0.38,   1,   1,   0,   1,   0,   0,   0,   0,   0,   0,   0,   0,   0,   0,   0,   0,   0,   0,   0,   0,   0,   0
171,2023-04-18 02:52:00,   0.00,   4.29,   0.00,   0.01,   0.00,   0.16,   4.17,   0.07,   0.38,   1,   1,   0,   1,   0,   0,   0,   0,   0,   0,   0,   0,   0,   0,   0,   0,   0,   0,   0,   0,   0,   0
172,2023-04-18 02:53:00,   0.00,   4.33,   0.00,   0.01,   0.00,   0.16,   4.20,   0.07,   0.38,   1,   1,   0,   1,   0,   0,   0,   0,   0,   0,   0,   0,   0,   0,   0,   0,   0,   0,   0,   0,   0,   0
173,2023-04-18 02:54:00,   0.00,   4.31,   0.00,   0.01,   0.00,   0.16,   4.19,   0.07,   0.38,   1,   1,   0,   1,   0,   0,   0,   0,   0,   0,   0,   0,   0,   0,   0,   0,   0,   0,   0,   0,   0,   0
174,2023-04-18 02:55:00,   0.00,   4.36,   0.00,   0.01,   0.00,   0.16,   4.23,   0.07,   0.38,   1,   1,   0,   1,   0,   0,   0,   0,   0,   0,   0,   0,   0,   0,   0,   0,   0,   0,   0,   0,   0,   0
175,2023-04-18 02:56:00,   0.00,   4.36,   0.00,   0.01,   0.00,   0.16,   4.24,   0.07,   0.38,   1,   1,   0,   1,   0,   0,   0,   0,   0,   0,   0,   0,   0,   0,   0,   0,   0,   0,   0,   0,   0,   0
176,2023-04-18 02:57:00,   0.00,   4.35,   0.00,   0.01,   0.00,   0.16,   4.28,   0.07,   0.38,   1,   1,   0,   1,   0,   0,   0,   0,   0,   0,   0,   0,   0,   0,   0,   0,   0,   0,   0,   0,   0,   0
177,2023-04-18 02:58:00,   0.00,   4.28,   0.00,   0.01,   0.00,   0.15,   4.16,   0.07,   0.38,   1,   1,   0,   1,   0,   0,   0,   0,   0,   0,   0,   0,   0,   0,   0,   0,   0,   0,   0,   0,   0,   0
178,2023-04-18 02:59:00,   0.00,   4.29,   0.00,   0.01,   0.00,   0.15,   4.09,   0.07,   0.38,   1,   1,   0,   1,   0,   0,   0,   0,   0,   0,   0,   0,   0,   0,   0,   0,   0,   0,   0,   0,   0,   0
179,2023-04-18 03:00:00,   0.00,   4.34,   0.00,   0.01,   0.00,   0.15,   4.15,   0.07,   0.38,   1,   1,   0,   1,   0,   0,   0,   0,   0,   0,   0,   0,   0,   0,   0,   0,   0,   0,   0,   0,   0,   0
180,2023-04-18 03:01:00,   0.00,   4.34,   0.00,   0.01,   0.00,   0.15,   4.22,   0.07,   0.38,   1,   1,   0,   1,   0,   0,   0,   0,   0,   0,   0,   0,   0,   0,   0,   0,   0,   0,   0,   0,   0,   0
181,2023-04-18 03:02:00,   0.00,   4.37,   0.00,   0.01,   0.00,   0.15,   4.25,   0.07,   0.38,   1,   1,   0,   1,   0,   0,   0,   0,   0,   0,   0,   0,   0,   0,   0,   0,   0,   0,   0,   0,   0,   0
182,2023-04-18 03:03:00,   0.00,   4.35,   0.00,   0.01,   0.00,   0.15,   4.23,   0.07,   0.38,   1,   1,   0,   1,   0,   0,   0,   0,   0,   0,   0,   0,   0,   0,   0,   0,   0,   0,   0,   0,   0,   0
183,2023-04-18 03:04:00,   0.00,   4.31,   0.00,   0.01,   0.00,   0.15,   4.20,   0.07,   0.38,   1,   1,   0,   1,   0,   0,   0,   0,   0,   0,   0,   0,   0,   0,   0,   0,   0,   0,   0,   0,   0,   0
184,2023-04-18 03:05:00,   0.00,   4.32,   0.00,   0.01,   0.00,   0.15,   4.20,   0.07,   0.38,   1,   1,   0,   1,   0,   0,   0,   0,   0,   0,   0,   0,   0,   0,   0,   0,   0,   0,   0,   0,   0,   0
185,2023-04-18 03:06:00,   0.00,   4.30,   0.00,   0.01,   0.00,   0.14,   4.27,   0.07,   0.38,   1,   1,   0,   1,   0,   0,   0,   0,   0,   0,   0,   0,   0,   0,   0,   0,   0,   0,   0,   0,   0,   0
186,2023-04-18 03:07:00,   0.00,   4.33,   0.00,   0.01,   0.00,   0.14,   4.21,   0.07,   0.38,   1,   1,   0,   1,   0,   0,   0,   0,   0,   0,   0,   0,   0,   0,   0,   0,   0,   0,   0,   0,   0,   0
187,2023-04-18 03:08:00,   0.00,   4.35,   0.00,   0.01,   0.00,   0.14,   4.22,   0.07,   0.38,   1,   1,   0,   1,   0,   0,   0,   0,   0,   0,   0,   0,   0,   0,   0,   0,   0,   0,   0,   0,   0,   0
188,2023-04-18 03:09:00,   0.00,   4.36,   0.00,   0.01,   0.00,   0.14,   4.24,   0.07,   0.38,   1,   1,   0,   1,   0,   0,   0,   0,   0,   0,   0,   0,   0,   0,   0,   0,   0,   0,   0,   0,   0,   0
189,2023-04-18 03:10:00,   0.00,   4.31,   0.00,   0.01,   0.00,   0.14,   4.18,   0.07,   0.38,   1,   1,   0,   1,   0,   0,   0,   0,   0,   0,   0,   0,   0,   0,   0,   0,   0,   0,   0,   0,   0,   0
190,2023-04-18 03:11:00,   0.00,   4.39,   0.00,   0.01,   0.00,   0.14,   4.18,   0.07,   0.38,   1,   1,   0,   1,   0,   0,   0,   0,   0,   0,   0,   0,   0,   0,   0,   0,   0,   0,   0,   0,   0,   0
191,2023-04-18 03:12:00,   0.00,   2.16,   0.00,   0.01,   0.00,   1.53,   0.63,  61.61,   0.38,   1,   1,   0,   1,   0,   0,   0,   0,   0,   0,   0,   0,   0,   0,   0,   0,   0,   0,   0,   0,   0,   0
192,2023-04-18 03:13:00,   0.00,   2.32,   0.00,   0.01,   0.00,   1.21,   1.11,  47.83,   0.38,   1,   1,   0,   1,   0,   0,   0,   0,   0,   0,   0,   0,   0,   0,   0,   0,   0,   0,   0,   0,   0,   0
193,2023-04-18 03:14:00,   0.00,   1.96,   0.00,   0.01,   0.00,   1.30,   0.62,  63.84,   0.38,   1,   1,   0,   1,   0,   0,   0,   0,   0,   0,   0,   0,   0,   0,   0,   0,   0,   0,   0,   0,   0,   0
194,2023-04-18 03:15:00,   0.00,   1.88,   0.00,   0.01,   0.00,   1.26,   0.62,  63.51,   0.38,   1,   1,   0,   1,   0,   0,   0,   0,   0,   0,   0,   0,   0,   0,   0,   0,   0,   0,   0,   0,   0,   0
195,2023-04-18 03:16:00,   0.00,   1.85,   0.00,   0.01,   0.00,   1.21,   0.62,  64.50,   0.38,   1,   1,   0,   1,   0,   0,   0,   0,   0,   0,   0,   0,   0,   0,   0,   0,   0,   0,   0,   0,   0,   0
196,2023-04-18 03:17:00,   0.00,   1.86,   0.00,   0.01,   0.00,   1.08,   0.71,  61.64,   0.38,   1,   1,   0,   1,   0,   0,   0,   0,   0,   0,   0,   0,   0,   0,   0,   0,   0,   0,   0,   0,   0,   0
197,2023-04-18 03:18:00,   0.00,   1.79,   0.00,   0.01,   0.00,   1.14,   0.65,  64.26,   0.38,   1,   1,   0,   1,   0,   0,   0,   0,   0,   0,   0,   0,   0,   0,   0,   0,   0,   0,   0,   0,   0,   0
198,2023-04-18 03:19:00,   0.00,   2.01,   0.00,   0.01,   0.00,   0.94,   1.06,  47.78,   0.38,   1,   1,   0,   1,   0,   0,   0,   0,   0,   0,   0,   0,   0,   0,   0,   0,   0,   0,   0,   0,   0,   0
199,2023-04-18 03:20:00,   0.00,   4.32,   0.00,   0.01,   0.00,   0.16,   4.23,   0.07,   0.38,   1,   1,   0,   1,   0,   0,   0,   0,   0,   0,   0,   0,   0,   0,   0,   0,   0,   0,   0,   0,   0,   0
200,2023-04-18 03:21:00,   0.00,   4.26,   0.00,   0.01,   0.00,   0.16,   4.14,   0.07,   0.38,   1,   1,   0,   1,   0,   0,   0,   0,   0,   0,   0,   0,   0,   0,   0,   0,   0,   0,   0,   0,   0,   0
201,2023-04-18 03:22:00,   0.00,   4.22,   0.00,   0.01,   0.00,   0.17,   4.07,   0.07,   0.38,   1,   1,   0,   1,   0,   0,   0,   0,   0,   0,   0,   0,   0,   0,   0,   0,   0,   0,   0,   0,   0,   0
202,2023-04-18 03:23:00,   0.00,   1.71,   0.00,   0.01,   0.00,   1.05,   0.64,  64.77,   0.38,   1,   1,   0,   1,   0,   0,   0,   0,   0,   0,   0,   0,   0,   0,   0,   0,   0,   0,   0,   0,   0,   0
203,2023-04-18 03:24:00,   0.00,   4.26,   0.00,   0.01,   0.00,   0.19,   4.13,   0.07,   0.38,   1,   1,   0,   1,   0,   0,   0,   0,   0,   0,   0,   0,   0,   0,   0,   0,   0,   0,   0,   0,   0,   0
204,2023-04-18 03:25:00,   0.00,   4.30,   0.00,   0.01,   0.00,   0.16,   4.17,   0.07,   0.39,   1,   1,   0,   1,   0,   0,   0,   0,   0,   0,   0,   0,   0,   0,   0,   0,   0,   0,   0,   0,   0,   0
205,2023-04-18 03:26:00,   0.00,   4.24,   0.00,   0.01,   0.00,   0.14,   4.11,   0.07,   0.39,   1,   1,   0,   1,   0,   0,   0,   0,   0,   0,   0,   0,   0,   0,   0,   0,   0,   0,   0,   0,   0,   0
206,2023-04-18 03:27:00,   0.00,   1.69,   0.00,   0.01,   0.00,   1.05,   0.63,  64.53,   0.39,   1,   1,   0,   1,   0,   0,   0,   0,   0,   0,   0,   0,   0,   0,   0,   0,   0,   0,   0,   0,   0,   0
207,2023-04-18 03:28:00,   0.00,   1.65,   0.00,   0.01,   0.00,   0.93,   0.73,  62.43,   0.39,   1,   1,   0,   1,   0,   0,   0,   0,   0,   0,   0,   0,   0,   0,   0,   0,   0,   0,   0,   0,   0,   0
208,2023-04-18 03:29:00,   0.00,   1.67,   0.00,   0.01,   0.00,   1.01,   0.64,  63.36,   0.39,   1,   1,   0,   1,   0,   0,   0,   0,   0,   0,   0,   0,   0,   0,   0,   0,   0,   0,   0,   0,   0,   0
209,2023-04-18 03:30:00,   0.00,   1.68,   0.00,   0.01,   0.00,   0.89,   0.75,  50.78,   0.39,   1,   1,   0,   1,   0,   0,   0,   0,   0,   0,   0,   0,   0,   0,   0,   0,   0,   0,   0,   0,   0,   0
210,2023-04-18 03:31:00,   0.00,   1.61,   0.00,   0.01,   0.00,   0.97,   0.61,  63.28,   0.39,   1,   1,   0,   1,   0,   0,   0,   0,   0,   0,   0,   0,   0,   0,   0,   0,   0,   0,   0,   0,   0,   0
211,2023-04-18 03:32:00,   0.00,   1.75,   0.00,   0.01,   0.00,   0.90,   0.85,  54.80,   0.39,   1,   1,   0,   1,   0,   0,   0,   0,   0,   0,   0,   0,   0,   0,   0,   0,   0,   0,   0,   0,   0,   0
212,2023-04-18 03:33:00,   0.00,   1.64,   0.00,   0.01,   0.00,   0.97,   0.67,  62.56,   0.39,   1,   1,   0,   1,   0,   0,   0,   0,   0,   0,   0,   0,   0,   0,   0,   0,   0,   0,   0,   0,   0,   0
213,2023-04-18 03:34:00,   0.00,   1.58,   0.00,   0.01,   0.00,   0.98,   0.61,  62.47,   0.39,   1,   1,   0,   1,   0,   0,   0,   0,   0,   0,   0,   0,   0,   0,   0,   0,   0,   0,   0,   0,   0,   0
214,2023-04-18 03:35:00,   0.00,   1.61,   0.00,   0.01,   0.00,   0.94,   0.63,  63.09,   0.39,   1,   1,   0,   1,   0,   0,   0,   0,   0,   0,   0,   0,   0,   0,   0,   0,   0,   0,   0,   0,   0,   0
215,2023-04-18 03:36:00,   0.00,   1.58,   0.00,   0.01,   0.00,   0.97,   0.61,  62.61,   0.39,   1,   1,   0,   1,   0,   0,   0,   0,   0,   0,   0,   0,   0,   0,   0,   0,   0,   0,   0,   0,   0,   0
216,2023-04-18 03:37:00,   0.00,   1.68,   0.00,   0.01,   0.00,   0.97,   0.71,  62.97,   0.39,   1,   1,   0,   1,   0,   0,   0,   0,   0,   0,   0,   0,   0,   0,   0,   0,   0,   0,   0,   0,   0,   0
217,2023-04-18 03:38:00,   0.00,   1.99,   0.00,   0.01,   0.00,   0.72,   1.28,  45.47,   0.39,   1,   1,   0,   1,   0,   0,   0,   0,   0,   0,   0,   0,   0,   0,   0,   0,   0,   0,   0,   0,   0,   0
218,2023-04-18 03:39:00,   0.00,   1.71,   0.00,   0.01,   0.00,   0.97,   0.75,  63.17,   0.39,   1,   1,   0,   1,   0,   0,   0,   0,   0,   0,   0,   0,   0,   0,   0,   0,   0,   0,   0,   0,   0,   0
219,2023-04-18 03:40:00,   0.00,   1.89,   0.00,   0.01,   0.00,   0.89,   1.00,  12.31,   0.39,   1,   1,   0,   1,   0,   0,   0,   0,   0,   0,   0,   0,   0,   0,   0,   0,   0,   0,   0,   0,   0,   0
220,2023-04-18 03:41:00,   0.00,   1.70,   0.00,   0.01,   0.00,   0.95,   0.72,  63.58,   0.39,   1,   1,   0,   1,   0,   0,   0,   0,   0,   0,   0,   0,   0,   0,   0,   0,   0,   0,   0,   0,   0,   0
221,2023-04-18 03:42:00,   0.00,   1.60,   0.00,   0.01,   0.00,   0.97,   0.62,  62.83,   0.39,   1,   1,   0,   1,   0,   0,   0,   0,   0,   0,   0,   0,   0,   0,   0,   0,   0,   0,   0,   0,   0,   0
222,2023-04-18 03:43:00,   0.00,   4.26,   0.00,   0.01,   0.00,   0.15,   4.15,   0.07,   0.39,   1,   1,   0,   1,   0,   0,   0,   0,   0,   0,   0,   0,   0,   0,   0,   0,   0,   0,   0,   0,   0,   0
223,2023-04-18 03:44:00,   0.00,   4.37,   0.00,   0.01,   0.00,   0.14,   4.25,   0.07,   0.39,   1,   1,   0,   1,   0,   0,   0,   0,   0,   0,   0,   0,   0,   0,   0,   0,   0,   0,   0,   0,   0,   0
224,2023-04-18 03:45:00,   0.00,   4.15,   0.00,   0.01,   0.00,   0.13,   4.02,   0.07,   0.39,   1,   1,   0,   1,   0,   0,   0,   0,   0,   0,   0,   0,   0,   0,   0,   0,   0,   0,   0,   0,   0,   0
225,2023-04-18 03:46:00,   0.00,   1.62,   0.00,   0.01,   0.00,   0.96,   0.66,  62.32,   0.39,   1,   1,   0,   1,   0,   0,   0,   0,   0,   0,   0,   0,   0,   0,   0,   0,   0,   0,   0,   0,   0,   0
226,2023-04-18 03:47:00,   0.00,   1.60,   0.00,   0.01,   0.00,   0.99,   0.61,  63.32,   0.39,   1,   1,   0,   1,   0,   0,   0,   0,   0,   0,   0,   0,   0,   0,   0,   0,   0,   0,   0,   0,   0,   0
227,2023-04-18 03:48:00,   0.00,   1.62,   0.00,   0.01,   0.00,   0.98,   0.63,  63.24,   0.39,   1,   1,   0,   1,   0,   0,   0,   0,   0,   0,   0,   0,   0,   0,   0,   0,   0,   0,   0,   0,   0,   0
228,2023-04-18 03:49:00,   0.00,   1.73,   0.00,   0.01,   0.00,   0.86,   0.86,  43.67,   0.39,   1,   1,   0,   1,   0,   0,   0,   0,   0,   0,   0,   0,   0,   0,   0,   0,   0,   0,   0,   0,   0,   0
229,2023-04-18 03:50:00,   0.00,   3.93,   0.00,   0.01,   0.00,   0.23,   3.71,   9.03,   0.39,   1,   1,   0,   1,   0,   0,   0,   0,   0,   0,   0,   0,   0,   0,   0,   0,   0,   0,   0,   0,   0,   0
230,2023-04-18 03:51:00,   0.00,   1.61,   0.00,   0.01,   0.00,   0.97,   0.64,  62.99,   0.39,   1,   1,   0,   1,   0,   0,   0,   0,   0,   0,   0,   0,   0,   0,   0,   0,   0,   0,   0,   0,   0,   0
231,2023-04-18 03:52:00,   0.00,   4.22,   0.00,   0.01,   0.00,   0.15,   4.07,   0.07,   0.39,   1,   1,   0,   1,   0,   0,   0,   0,   0,   0,   0,   0,   0,   0,   0,   0,   0,   0,   0,   0,   0,   0
232,2023-04-18 03:53:00,   0.00,   1.60,   0.00,   0.01,   0.00,   0.97,   0.62,  62.70,   0.39,   1,   1,   0,   1,   0,   0,   0,   0,   0,   0,   0,   0,   0,   0,   0,   0,   0,   0,   0,   0,   0,   0
233,2023-04-18 03:54:00,   0.00,   3.75,   0.00,   0.01,   0.00,   0.39,   3.36,  35.36,   0.39,   1,   1,   0,   1,   0,   0,   0,   0,   0,   0,   0,   0,   0,   0,   0,   0,   0,   0,   0,   0,   0,   0
234,2023-04-18 03:55:00,   0.00,   1.35,   0.00,   0.01,   0.00,   0.92,   0.42,  27.29,   0.39,   1,   1,   0,   1,   0,   0,   0,   0,   0,   0,   0,   0,   0,   0,   0,   0,   0,   0,   0,   0,   0,   0
235,2023-04-18 03:56:00,   0.00,   1.33,   0.00,   0.01,   0.00,   0.96,   0.38,   0.07,   0.39,   1,   0,   0,   0,   0,   0,   0,   0,   0,   0,   0,   0,   0,   0,   0,   0,   0,   0,   0,   0,   0,   0
236,2023-04-18 03:57:00,   0.00,   1.23,   0.00,   0.01,   0.00,   0.78,   0.42,   0.07,   0.39,   1,   1,   0,   1,   0,   0,   0,   0,   0,   0,   0,   0,   0,   0,   0,   0,   0,   0,   0,   0,   0,   0
237,2023-04-18 03:58:00,   0.00,   0.84,   0.00,   0.01,   0.00,   0.42,   0.43,   0.07,   0.39,   1,   1,   0,   0,   0,   0,   0,   0,   0,   0,   0,   0,   0,   0,   0,   0,   0,   0,   0,   0,   0,   0
238,2023-04-18 03:59:00,   0.00,   0.52,   0.00,   0.01,   0.00,   0.08,   0.39,   0.07,   0.39,   1,   1,   0,   0,   0,   0,   0,   0,   0,   0,   0,   0,   0,   0,   0,   0,   0,   0,   0,   0,   0,   0
239,2023-04-18 04:00:00,   0.00,   0.45,   0.00,   0.01,   0.00,   0.07,   0.36,   0.07,   0.39,   1,   0,   0,   0,   0,   0,   0,   0,   0,   0,   0,   0,   0,   0,   0,   0,   0,   0,   0,   0,   0,   0
240,2023-04-18 04:01:00,   0.00,   0.38,   0.00,   0.01,   0.00,   0.07,   0.33,   0.07,   0.39,   1,   0,   0,   0,   0,   0,   0,   0,   0,   0,   0,   0,   0,   0,   0,   0,   0,   0,   0,   0,   0,   0
241,2023-04-18 04:02:00,   0.00,   0.35,   0.00,   0.01,   0.00,   0.07,   0.30,   0.07,   0.39,   1,   0,   0,   0,   0,   0,   0,   0,   0,   0,   0,   0,   0,   0,   0,   0,   0,   0,   0,   0,   0,   0
242,2023-04-18 04:03:00,   0.00,   0.34,   0.00,   0.01,   0.00,   0.07,   0.26,   0.07,   0.39,   1,   1,   0,   0,   0,   0,   0,   0,   0,   0,   0,   0,   0,   0,   0,   0,   0,   0,   0,   0,   0,   0
243,2023-04-18 04:04:00,   0.00,   0.33,   0.00,   0.01,   0.00,   0.07,   0.23,   0.07,   0.39,   1,   1,   0,   0,   0,   0,   0,   0,   0,   0,   0,   0,   0,   0,   0,   0,   0,   0,   0,   0,   0,   0
244,2023-04-18 04:05:00,   0.00,   0.32,   0.00,   0.01,   0.00,   0.07,   0.23,   0.07,   0.39,   1,   1,   0,   0,   0,   0,   0,   0,   0,   0,   0,   0,   0,   0,   0,   0,   0,   0,   0,   0,   0,   0
245,2023-04-18 04:06:00,   0.00,   0.30,   0.00,   0.01,   0.00,   0.07,   0.22,   0.07,   0.39,   1,   1,   0,   0,   0,   0,   0,   0,   0,   0,   0,   0,   0,   0,   0,   0,   0,   0,   0,   0,   0,   0
246,2023-04-18 04:07:00,   0.00,   0.29,   0.00,   0.01,   0.00,   0.07,   0.22,   0.07,   0.39,   1,   1,   0,   0,   0,   0,   0,   0,   0,   0,   0,   0,   0,   0,   0,   0,   0,   0,   0,   0,   0,   0
247,2023-04-18 04:08:00,   0.00,   0.42,   0.00,   0.01,   0.00,   0.21,   0.21,   0.07,   0.39,   1,   1,   0,   0,   0,   0,   0,   0,   0,   0,   0,   0,   0,   0,   0,   0,   0,   0,   0,   0,   0,   0
248,2023-04-18 04:09:00,   0.00,   1.40,   0.00,   0.01,   0.00,   0.12,   1.29,   0.07,   0.39,   1,   1,   0,   0,   0,   0,   0,   0,   0,   0,   0,   0,   0,   0,   0,   0,   0,   0,   0,   0,   0,   0
249,2023-04-18 04:10:00,   0.00,   1.14,   0.00,   0.01,   0.00,   0.09,   1.09,   0.07,   0.39,   1,   1,   0,   0,   0,   0,   0,   0,   0,   0,   0,   0,   0,   0,   0,   0,   0,   0,   0,   0,   0,   0
250,2023-04-18 04:11:00,   0.00,   2.64,   0.00,   0.01,   0.00,   2.38,   0.30,  44.31,   0.39,   1,   1,   0,   1,   0,   0,   0,   0,   0,   0,   0,   0,   0,   0,   0,   0,   0,   0,   0,   0,   0,   0
251,2023-04-18 04:12:00,   0.00,   2.06,   0.00,   0.01,   0.00,   1.70,   0.34,  48.07,   0.39,   1,   1,   0,   1,   0,   0,   0,   0,   0,   0,   0,   0,   0,   0,   0,   0,   0,   0,   0,   0,   0,   0
252,2023-04-18 04:13:00,   0.00,   4.30,   0.00,   0.01,   0.00,   0.13,   4.20,   0.07,   0.39,   1,   1,   0,   1,   0,   0,   0,   0,   0,   0,   0,   0,   0,   0,   0,   0,   0,   0,   0,   0,   0,   0
253,2023-04-18 04:14:00,   0.00,   4.30,   0.00,   0.01,   0.00,   0.13,   4.18,   0.07,   0.39,   1,   1,   0,   1,   0,   0,   0,   0,   0,   0,   0,   0,   0,   0,   0,   0,   0,   0,   0,   0,   0,   0
254,2023-04-18 04:15:00,   0.00,   4.33,   0.00,   0.01,   0.00,   0.13,   4.20,   0.07,   0.39,   1,   1,   0,   1,   0,   0,   0,   0,   0,   0,   0,   0,   0,   0,   0,   0,   0,   0,   0,   0,   0,   0
255,2023-04-18 04:16:00,   0.00,   4.33,   0.00,   0.01,   0.00,   0.13,   4.20,   0.07,   0.39,   1,   1,   0,   1,   0,   0,   0,   0,   0,   0,   0,   0,   0,   0,   0,   0,   0,   0,   0,   0,   0,   0
256,2023-04-18 04:17:00,   0.00,   4.35,   0.00,   0.01,   0.00,   0.13,   4.21,   0.07,   0.39,   1,   1,   0,   1,   0,   0,   0,   0,   0,   0,   0,   0,   0,   0,   0,   0,   0,   0,   0,   0,   0,   0
257,2023-04-18 04:18:00,   0.00,   4.30,   0.00,   0.01,   0.00,   0.13,   4.23,   0.07,   0.39,   1,   1,   0,   1,   0,   0,   0,   0,   0,   0,   0,   0,   0,   0,   0,   0,   0,   0,   0,   0,   0,   0
258,2023-04-18 04:19:00,   0.00,   4.27,   0.00,   0.01,   0.00,   0.13,   4.15,   0.07,   0.39,   1,   1,   0,   1,   0,   0,   0,   0,   0,   0,   0,   0,   0,   0,   0,   0,   0,   0,   0,   0,   0,   0
259,2023-04-18 04:20:00,   0.00,   4.25,   0.00,   0.01,   0.00,   0.13,   4.14,   0.07,   0.39,   1,   1,   0,   1,   0,   0,   0,   0,   0,   0,   0,   0,   0,   0,   0,   0,   0,   0,   0,   0,   0,   0
260,2023-04-18 04:21:00,   0.00,   4.40,   0.00,   0.01,   0.00,   0.13,   4.28,   0.07,   0.39,   1,   1,   0,   1,   0,   0,   0,   0,   0,   0,   0,   0,   0,   0,   0,   0,   0,   0,   0,   0,   0,   0
261,2023-04-18 04:22:00,   0.00,   4.35,   0.00,   0.01,   0.00,   0.13,   4.22,   0.07,   0.39,   1,   1,   0,   1,   0,   0,   0,   0,   0,   0,   0,   0,   0,   0,   0,   0,   0,   0,   0,   0,   0,   0
262,2023-04-18 04:23:00,   0.00,   4.34,   0.00,   0.01,   0.00,   0.13,   4.23,   0.07,   0.39,   1,   1,   0,   1,   0,   0,   0,   0,   0,   0,   0,   0,   0,   0,   0,   0,   0,   0,   0,   0,   0,   0
263,2023-04-18 04:24:00,   0.00,   4.31,   0.00,   0.01,   0.00,   0.13,   4.16,   0.07,   0.39,   1,   1,   0,   1,   0,   0,   0,   0,   0,   0,   0,   0,   0,   0,   0,   0,   0,   0,   0,   0,   0,   0
264,2023-04-18 04:25:00,   0.00,   4.33,   0.00,   0.01,   0.00,   0.13,   4.21,   0.07,   0.40,   1,   1,   0,   1,   0,   0,   0,   0,   0,   0,   0,   0,   0,   0,   0,   0,   0,   0,   0,   0,   0,   0
265,2023-04-18 04:26:00,   0.00,   4.39,   0.00,   0.01,   0.00,   0.13,   4.26,   0.07,   0.40,   1,   1,   0,   1,   0,   0,   0,   0,   0,   0,   0,   0,   0,   0,   0,   0,   0,   0,   0,   0,   0,   0
266,2023-04-18 04:27:00,   0.00,   4.39,   0.00,   0.01,   0.00,   0.13,   4.22,   0.07,   0.40,   1,   1,   0,   1,   0,   0,   0,   0,   0,   0,   0,   0,   0,   0,   0,   0,   0,   0,   0,   0,   0,   0
267,2023-04-18 04:28:00,   0.00,   4.30,   0.00,   0.01,   0.00,   0.13,   4.19,   0.07,   0.40,   1,   1,   0,   1,   0,   0,   0,   0,   0,   0,   0,   0,   0,   0,   0,   0,   0,   0,   0,   0,   0,   0
268,2023-04-18 04:29:00,   0.00,   4.37,   0.00,   0.01,   0.00,   0.13,   4.24,   0.07,   0.40,   1,   1,   0,   1,   0,   0,   0,   0,   0,   0,   0,   0,   0,   0,   0,   0,   0,   0,   0,   0,   0,   0
269,2023-04-18 04:30:00,   0.00,   4.35,   0.00,   0.01,   0.00,   0.13,   4.22,   0.07,   0.40,   1,   1,   0,   1,   0,   0,   0,   0,   0,   0,   0,   0,   0,   0,   0,   0,   0,   0,   0,   0,   0,   0
270,2023-04-18 04:31:00,   0.00,   4.42,   0.00,   0.01,   0.00,   0.13,   4.30,   0.07,   0.40,   1,   1,   0,   1,   0,   0,   0,   0,   0,   0,   0,   0,   0,   0,   0,   0,   0,   0,   0,   0,   0,   0
271,2023-04-18 04:32:00,   0.00,   4.31,   0.00,   0.01,   0.00,   0.13,   4.18,   0.07,   0.40,   1,   1,   0,   1,   0,   0,   0,   0,   0,   0,   0,   0,   0,   0,   0,   0,   0,   0,   0,   0,   0,   0
272,2023-04-18 04:33:00,   0.00,   4.37,   0.00,   0.01,   0.00,   0.13,   4.25,   0.07,   0.40,   1,   1,   0,   1,   0,   0,   0,   0,   0,   0,   0,   0,   0,   0,   0,   0,   0,   0,   0,   0,   0,   0
273,2023-04-18 04:34:00,   0.00,   4.37,   0.00,   0.01,   0.00,   0.13,   4.24,   0.07,   0.40,   1,   1,   0,   1,   0,   0,   0,   0,   0,   0,   0,   0,   0,   0,   0,   0,   0,   0,   0,   0,   0,   0
274,2023-04-18 04:35:00,   0.00,   4.29,   0.00,   0.01,   0.00,   0.13,   4.16,   0.07,   0.40,   1,   1,   0,   1,   0,   0,   0,   0,   0,   0,   0,   0,   0,   0,   0,   0,   0,   0,   0,   0,   0,   0
275,2023-04-18 04:36:00,   0.00,   4.35,   0.00,   0.01,   0.00,   0.13,   4.22,   0.07,   0.40,   1,   1,   0,   1,   0,   0,   0,   0,   0,   0,   0,   0,   0,   0,   0,   0,   0,   0,   0,   0,   0,   0
276,2023-04-18 04:37:00,   0.00,   4.35,   0.00,   0.01,   0.00,   0.13,   4.23,   0.07,   0.40,   1,   1,   0,   1,   0,   0,   0,   0,   0,   0,   0,   0,   0,   0,   0,   0,   0,   0,   0,   0,   0,   0
277,2023-04-18 04:38:00,   0.00,   4.42,   0.00,   0.01,   0.00,   0.12,   4.30,   0.07,   0.40,   1,   1,   0,   1,   0,   0,   0,   0,   0,   0,   0,   0,   0,   0,   0,   0,   0,   0,   0,   0,   0,   0
278,2023-04-18 04:39:00,   0.00,   4.40,   0.00,   0.01,   0.00,   0.12,   4.27,   0.07,   0.40,   1,   1,   0,   1,   0,   0,   0,   0,   0,   0,   0,   0,   0,   0,   0,   0,   0,   0,   0,   0,   0,   0
279,2023-04-18 04:40:00,   0.00,   4.35,   0.00,   0.01,   0.00,   0.12,   4.22,   0.07,   0.40,   1,   1,   0,   1,   0,   0,   0,   0,   0,   0,   0,   0,   0,   0,   0,   0,   0,   0,   0,   0,   0,   0
280,2023-04-18 04:41:00,   0.00,   4.36,   0.00,   0.01,   0.00,   0.12,   4.24,   0.07,   0.40,   1,   1,   0,   1,   0,   0,   0,   0,   0,   0,   0,   0,   0,   0,   0,   0,   0,   0,   0,   0,   0,   0
281,2023-04-18 04:42:00,   0.00,   2.45,   0.00,   0.01,   0.00,   1.62,   0.84,  57.51,   0.40,   1,   1,   0,   1,   0,   0,   0,   0,   0,   0,   0,   0,   0,   0,   0,   0,   0,   0,   0,   0,   0,   0
282,2023-04-18 04:43:00,   0.00,   2.09,   0.00,   0.01,   0.00,   1.53,   0.61,  59.85,   0.40,   1,   1,   0,   1,   0,   0,   0,   0,   0,   0,   0,   0,   0,   0,   0,   0,   0,   0,   0,   0,   0,   0
283,2023-04-18 04:44:00,   0.00,   4.21,   0.00,   0.01,   0.00,   0.22,   4.01,   0.07,   0.40,   1,   1,   0,   1,   0,   0,   0,   0,   0,   0,   0,   0,   0,   0,   0,   0,   0,   0,   0,   0,   0,   0
284,2023-04-18 04:45:00,   0.00,   1.94,   0.00,   0.01,   0.00,   1.29,   0.61,  61.91,   0.40,   1,   1,   0,   1,   0,   0,   0,   0,   0,   0,   0,   0,   0,   0,   0,   0,   0,   0,   0,   0,   0,   0
285,2023-04-18 04:46:00,   0.00,   3.86,   0.00,   0.01,   0.00,   0.34,   3.52,   5.10,   0.40,   1,   1,   0,   1,   0,   0,   0,   0,   0,   0,   0,   0,   0,   0,   0,   0,   0,   0,   0,   0,   0,   0
286,2023-04-18 04:47:00,   0.00,   1.82,   0.00,   0.01,   0.00,   1.20,   0.60,  62.41,   0.40,   1,   1,   0,   1,   0,   0,   0,   0,   0,   0,   0,   0,   0,   0,   0,   0,   0,   0,   0,   0,   0,   0
287,2023-04-18 04:48:00,   0.00,   3.91,   0.00,   0.01,   0.00,   0.31,   3.67,   0.07,   0.40,   1,   1,   0,   1,   0,   0,   0,   0,   0,   0,   0,   0,   0,   0,   0,   0,   0,   0,   0,   0,   0,   0
288,2023-04-18 04:49:00,   0.00,   1.76,   0.00,   0.01,   0.00,   1.13,   0.63,  62.18,   0.40,   1,   1,   0,   1,   0,   0,   0,   0,   0,   0,   0,   0,   0,   0,   0,   0,   0,   0,   0,   0,   0,   0
289,2023-04-18 04:50:00,   0.00,   3.95,   0.00,   0.01,   0.00,   0.28,   3.68,   0.07,   0.40,   1,   1,   0,   1,   0,   0,   0,   0,   0,   0,   0,   0,   0,   0,   0,   0,   0,   0,   0,   0,   0,   0
290,2023-04-18 04:51:00,   0.00,   4.13,   0.00,   0.01,   0.00,   0.19,   3.94,   7.32,   0.40,   1,   1,   0,   1,   0,   0,   0,   0,   0,   0,   0,   0,   0,   0,   0,   0,   0,   0,   0,   0,   0,   0
291,2023-04-18 04:52:00,   0.00,   1.67,   0.00,   0.01,   0.00,   1.04,   0.61,  62.47,   0.40,   1,   1,   0,   1,   0,   0,   0,   0,   0,   0,   0,   0,   0,   0,   0,   0,   0,   0,   0,   0,   0,   0
292,2023-04-18 04:53:00,   0.00,   4.32,   0.00,   0.01,   0.00,   0.13,   4.19,   0.07,   0.40,   1,   1,   0,   1,   0,   0,   0,   0,   0,   0,   0,   0,   0,   0,   0,   0,   0,   0,   0,   0,   0,   0
293,2023-04-18 04:54:00,   0.00,   1.65,   0.00,   0.01,   0.00,   1.02,   0.63,  61.86,   0.40,   1,   1,   0,   1,   0,   0,   0,   0,   0,   0,   0,   0,   0,   0,   0,   0,   0,   0,   0,   0,   0,   0
294,2023-04-18 04:55:00,   0.00,   2.18,   0.00,   0.01,   0.00,   0.76,   1.40,  36.08,   0.40,   1,   1,   0,   1,   0,   0,   0,   0,   0,   0,   0,   0,   0,   0,   0,   0,   0,   0,   0,   0,   0,   0
295,2023-04-18 04:56:00,   0.00,   4.26,   0.00,   0.01,   0.00,   0.14,   4.12,   0.07,   0.40,   1,   1,   0,   1,   0,   0,   0,   0,   0,   0,   0,   0,   0,   0,   0,   0,   0,   0,   0,   0,   0,   0
296,2023-04-18 04:57:00,   0.00,   1.63,   0.00,   0.01,   0.00,   0.95,   0.63,  62.69,   0.40,   1,   1,   0,   1,   0,   0,   0,   0,   0,   0,   0,   0,   0,   0,   0,   0,   0,   0,   0,   0,   0,   0
297,2023-04-18 04:58:00,   0.00,   3.82,   0.00,   0.01,   0.00,   0.30,   3.59,   3.85,   0.40,   1,   1,   0,   1,   0,   0,   0,   0,   0,   0,   0,   0,   0,   0,   0,   0,   0,   0,   0,   0,   0,   0
298,2023-04-18 04:59:00,   0.00,   1.62,   0.00,   0.01,   0.00,   1.00,   0.61,  63.10,   0.40,   1,   1,   0,   1,   0,   0,   0,   0,   0,   0,   0,   0,   0,   0,   0,   0,   0,   0,   0,   0,   0,   0
299,2023-04-18 05:00:00,   0.00,   3.83,   0.00,   0.01,   0.00,   0.22,   3.61,   0.07,   0.40,   1,   1,   0,   1,   0,   0,   0,   0,   0,   0,   0,   0,   0,   0,   0,   0,   0,   0,   0,   0,   0,   0
300,2023-04-18 05:01:00,   0.00,   1.68,   0.00,   0.01,   0.00,   1.00,   0.68,  63.06,   0.40,   1,   1,   0,   1,   0,   0,   0,   0,   0,   0,   0,   0,   0,   0,   0,   0,   0,   0,   0,   0,   0,   0
301,2023-04-18 05:02:00,   0.00,   1.66,   0.00,   0.01,   0.00,   1.00,   0.66,  63.12,   0.40,   1,   1,   0,   1,   0,   0,   0,   0,   0,   0,   0,   0,   0,   0,   0,   0,   0,   0,   0,   0,   0,   0
302,2023-04-18 05:03:00,   0.00,   1.64,   0.00,   0.01,   0.00,   1.00,   0.63,  63.17,   0.40,   1,   1,   0,   1,   0,   0,   0,   0,   0,   0,   0,   0,   0,   0,   0,   0,   0,   0,   0,   0,   0,   0
303,2023-04-18 05:04:00,   0.00,   4.30,   0.00,   0.01,   0.00,   0.14,   4.20,   0.07,   0.40,   1,   1,   0,   1,   0,   0,   0,   0,   0,   0,   0,   0,   0,   0,   0,   0,   0,   0,   0,   0,   0,   0
304,2023-04-18 05:05:00,   0.00,   1.63,   0.00,   0.01,   0.00,   0.95,   0.64,  63.06,   0.40,   1,   1,   0,   1,   0,   0,   0,   0,   0,   0,   0,   0,   0,   0,   0,   0,   0,   0,   0,   0,   0,   0
305,2023-04-18 05:06:00,   0.00,   1.61,   0.00,   0.01,   0.00,   0.99,   0.61,  63.34,   0.40,   1,   1,   0,   1,   0,   0,   0,   0,   0,   0,   0,   0,   0,   0,   0,   0,   0,   0,   0,   0,   0,   0
306,2023-04-18 05:07:00,   0.00,   1.65,   0.00,   0.01,   0.00,   0.98,   0.66,  62.94,   0.40,   1,   1,   0,   1,   0,   0,   0,   0,   0,   0,   0,   0,   0,   0,   0,   0,   0,   0,   0,   0,   0,   0
307,2023-04-18 05:08:00,   0.00,   1.62,   0.00,   0.01,   0.00,   1.00,   0.62,  63.03,   0.40,   1,   1,   0,   1,   0,   0,   0,   0,   0,   0,   0,   0,   0,   0,   0,   0,   0,   0,   0,   0,   0,   0
308,2023-04-18 05:09:00,   0.00,   1.63,   0.00,   0.01,   0.00,   0.96,   0.62,  63.63,   0.40,   1,   1,   0,   1,   0,   0,   0,   0,   0,   0,   0,   0,   0,   0,   0,   0,   0,   0,   0,   0,   0,   0
309,2023-04-18 05:10:00,   0.00,   3.76,   0.00,   0.01,   0.00,   0.24,   3.53,   0.23,   0.40,   1,   1,   0,   1,   0,   0,   0,   0,   0,   0,   0,   0,   0,   0,   0,   0,   0,   0,   0,   0,   0,   0
310,2023-04-18 05:11:00,   0.00,   4.28,   0.00,   0.01,   0.00,   0.13,   4.15,   0.07,   0.40,   1,   1,   0,   1,   0,   0,   0,   0,   0,   0,   0,   0,   0,   0,   0,   0,   0,   0,   0,   0,   0,   0
311,2023-04-18 05:12:00,   0.00,   1.62,   0.00,   0.01,   0.00,   0.96,   0.63,  63.54,   0.40,   1,   1,   0,   1,   0,   0,   0,   0,   0,   0,   0,   0,   0,   0,   0,   0,   0,   0,   0,   0,   0,   0
312,2023-04-18 05:13:00,   0.00,   4.21,   0.00,   0.01,   0.00,   0.18,   4.09,   0.07,   0.40,   1,   1,   0,   1,   0,   0,   0,   0,   0,   0,   0,   0,   0,   0,   0,   0,   0,   0,   0,   0,   0,   0
313,2023-04-18 05:14:00,   0.00,   4.27,   0.00,   0.01,   0.00,   0.14,   4.11,   0.07,   0.40,   1,   1,   0,   1,   0,   0,   0,   0,   0,   0,   0,   0,   0,   0,   0,   0,   0,   0,   0,   0,   0,   0
314,2023-04-18 05:15:00,   0.00,   1.64,   0.00,   0.01,   0.00,   0.99,   0.65,  63.24,   0.40,   1,   1,   0,   1,   0,   0,   0,   0,   0,   0,   0,   0,   0,   0,   0,   0,   0,   0,   0,   0,   0,   0
315,2023-04-18 05:16:00,   0.00,   4.26,   0.00,   0.01,   0.00,   0.17,   4.14,   0.07,   0.40,   1,   1,   0,   1,   0,   0,   0,   0,   0,   0,   0,   0,   0,   0,   0,   0,   0,   0,   0,   0,   0,   0
316,2023-04-18 05:17:00,   0.00,   1.61,   0.00,   0.01,   0.00,   0.98,   0.62,  63.21,   0.40,   1,   1,   0,   1,   0,   0,   0,   0,   0,   0,   0,   0,   0,   0,   0,   0,   0,   0,   0,   0,   0,   0
317,2023-04-18 05:18:00,   0.00,   4.28,   0.00,   0.01,   0.00,   0.12,   4.15,   0.07,   0.40,   1,   1,   0,   1,   0,   0,   0,   0,   0,   0,   0,   0,   0,   0,   0,   0,   0,   0,   0,   0,   0,   0
318,2023-04-18 05:19:00,   0.00,   1.62,   0.00,   0.01,   0.00,   0.97,   0.63,  63.21,   0.40,   1,   1,   0,   1,   0,   0,   0,   0,   0,   0,   0,   0,   0,   0,   0,   0,   0,   0,   0,   0,   0,   0
319,2023-04-18 05:20:00,   0.00,   1.62,   0.00,   0.01,   0.00,   1.00,   0.62,  62.63,   0.40,   1,   1,   0,   1,   0,   0,   0,   0,   0,   0,   0,   0,   0,   0,   0,   0,   0,   0,   0,   0,   0,   0
320,2023-04-18 05:21:00,   0.00,   4.36,   0.00,   0.01,   0.00,   0.13,   4.23,   0.07,   0.40,   1,   1,   0,   1,   0,   0,   0,   0,   0,   0,   0,   0,   0,   0,   0,   0,   0,   0,   0,   0,   0,   0
321,2023-04-18 05:22:00,   0.00,   2.21,   0.00,   0.01,   0.00,   1.74,   0.49,  33.16,   0.40,   1,   1,   0,   1,   0,   0,   0,   0,   0,   0,   0,   0,   0,   0,   0,   0,   0,   0,   0,   0,   0,   0
322,2023-04-18 05:23:00,   0.00,   1.63,   0.00,   0.01,   0.00,   1.26,   0.43,   1.01,   0.40,   1,   0,   0,   0,   0,   0,   0,   0,   0,   0,   0,   0,   0,   0,   0,   0,   0,   0,   0,   0,   0,   0
323,2023-04-18 05:24:00,   0.00,   1.30,   0.00,   0.01,   0.00,   0.91,   0.41,   4.46,   0.40,   1,   0,   0,   0,   0,   0,   0,   0,   0,   0,   0,   0,   0,   0,   0,   0,   0,   0,   0,   0,   0,   0
324,2023-04-18 05:25:00,   0.00,   0.81,   0.00,   0.01,   0.00,   0.41,   0.39,   0.07,   0.40,   1,   0,   0,   0,   0,   0,   0,   0,   0,   0,   0,   0,   0,   0,   0,   0,   0,   0,   0,   0,   0,   0
325,2023-04-18 05:26:00,   0.00,   0.71,   0.00,   0.01,   0.00,   0.23,   0.38,   0.07,   0.40,   1,   1,   0,   0,   0,   0,   0,   0,   0,   0,   0,   0,   0,   0,   0,   0,   0,   0,   0,   0,   0,   0
326,2023-04-18 05:27:00,   0.00,   0.49,   0.00,   0.01,   0.00,   0.12,   0.36,   0.07,   0.41,   1,   0,   0,   0,   0,   0,   0,   0,   0,   0,   0,   0,   0,   0,   0,   0,   0,   0,   0,   0,   0,   0
327,2023-04-18 05:28:00,   0.00,   0.45,   0.00,   0.01,   0.00,   0.12,   0.34,   0.07,   0.41,   1,   0,   0,   0,   0,   0,   0,   0,   0,   0,   0,   0,   0,   0,   0,   0,   0,   0,   0,   0,   0,   0
328,2023-04-18 05:29:00,   0.00,   0.42,   0.00,   0.01,   0.00,   0.12,   0.33,   0.07,   0.41,   1,   1,   0,   0,   0,   0,   0,   0,   0,   0,   0,   0,   0,   0,   0,   0,   0,   0,   0,   0,   0,   0
329,2023-04-18 05:30:00,   0.00,   0.39,   0.00,   0.01,   0.00,   0.12,   0.33,   0.07,   0.41,   1,   1,   0,   0,   0,   0,   0,   0,   0,   0,   0,   0,   0,   0,   0,   0,   0,   0,   0,   0,   0,   0
330,2023-04-18 05:31:00,   0.00,   0.37,   0.00,   0.01,   0.00,   0.11,   0.32,   0.07,   0.41,   1,   1,   0,   0,   0,   0,   0,   0,   0,   0,   0,   0,   0,   0,   0,   0,   0,   0,   0,   0,   0,   0
331,2023-04-18 05:32:00,   0.00,   0.37,   0.00,   0.01,   0.00,   0.11,   0.31,   0.07,   0.41,   1,   1,   0,   0,   0,   0,   0,   0,   0,   0,   0,   0,   0,   0,   0,   0,   0,   0,   0,   0,   0,   0
332,2023-04-18 05:33:00,   0.00,   0.38,   0.00,   0.01,   0.00,   0.11,   0.30,   0.07,   0.41,   1,   1,   0,   0,   0,   0,   0,   0,   0,   0,   0,   0,   0,   0,   0,   0,   0,   0,   0,   0,   0,   0
333,2023-04-18 05:34:00,   0.00,   0.38,   0.00,   0.01,   0.00,   0.11,   0.30,   0.07,   0.41,   1,   1,   0,   0,   0,   0,   0,   0,   0,   0,   0,   0,   0,   0,   0,   0,   0,   0,   0,   0,   0,   0
334,2023-04-18 05:35:00,   0.00,   0.38,   0.00,   0.01,   0.00,   0.10,   0.29,   0.07,   0.41,   1,   1,   0,   0,   0,   0,   0,   0,   0,   0,   0,   0,   0,   0,   0,   0,   0,   0,   0,   0,   0,   0
335,2023-04-18 05:36:00,   0.00,   1.17,   0.00,   0.01,   0.00,   0.89,   0.28,   0.07,   0.41,   1,   1,   0,   0,   0,   0,   0,   0,   0,   0,   0,   0,   0,   0,   0,   0,   0,   0,   0,   0,   0,   0
336,2023-04-18 05:37:00,   0.00,   1.14,   0.00,   0.01,   0.00,   0.12,   1.00,   0.07,   0.41,   1,   1,   0,   0,   0,   0,   0,   0,   0,   0,   0,   0,   0,   0,   0,   0,   0,   0,   0,   0,   0,   0
337,2023-04-18 05:38:00,   0.00,   0.92,   0.00,   0.01,   0.00,   0.08,   0.85,   0.07,   0.41,   1,   1,   0,   0,   0,   0,   0,   0,   0,   0,   0,   0,   0,   0,   0,   0,   0,   0,   0,   0,   0,   0
338,2023-04-18 05:39:00,   0.00,   3.00,   0.00,   0.01,   0.00,   2.79,   0.30,  50.26,   0.41,   1,   1,   0,   1,   0,   0,   0,   0,   0,   0,   0,   0,   0,   0,   0,   0,   0,   0,   0,   0,   0,   0
339,2023-04-18 05:40:00,   0.00,   2.16,   0.00,   0.01,   0.00,   1.79,   0.38,  51.70,   0.41,   1,   1,   0,   1,   0,   0,   0,   0,   0,   0,   0,   0,   0,   0,   0,   0,   0,   0,   0,   0,   0,   0
340,2023-04-18 05:41:00,   0.00,   4.22,   0.00,   0.01,   0.00,   0.15,   4.21,   0.07,   0.41,   1,   1,   0,   1,   0,   0,   0,   0,   0,   0,   0,   0,   0,   0,   0,   0,   0,   0,   0,   0,   0,   0
341,2023-04-18 05:42:00,   0.00,   4.27,   0.00,   0.01,   0.00,   0.14,   4.15,   0.07,   0.41,   1,   1,   0,   1,   0,   0,   0,   0,   0,   0,   0,   0,   0,   0,   0,   0,   0,   0,   0,   0,   0,   0
342,2023-04-18 05:43:00,   0.00,   4.23,   0.00,   0.01,   0.00,   0.14,   4.10,   0.07,   0.41,   1,   1,   0,   1,   0,   0,   0,   0,   0,   0,   0,   0,   0,   0,   0,   0,   0,   0,   0,   0,   0,   0
343,2023-04-18 05:44:00,   0.00,   4.30,   0.00,   0.01,   0.00,   0.13,   4.18,   0.07,   0.41,   1,   1,   0,   1,   0,   0,   0,   0,   0,   0,   0,   0,   0,   0,   0,   0,   0,   0,   0,   0,   0,   0
344,2023-04-18 05:45:00,   0.00,   4.41,   0.00,   0.01,   0.00,   0.13,   4.29,   0.07,   0.41,   1,   1,   0,   1,   0,   0,   0,   0,   0,   0,   0,   0,   0,   0,   0,   0,   0,   0,   0,   0,   0,   0
345,2023-04-18 05:46:00,   0.00,   4.28,   0.00,   0.01,   0.00,   0.12,   4.23,   0.07,   0.41,   1,   1,   0,   1,   0,   0,   0,   0,   0,   0,   0,   0,   0,   0,   0,   0,   0,   0,   0,   0,   0,   0
346,2023-04-18 05:47:00,   0.00,   4.24,   0.00,   0.01,   0.00,   0.11,   4.13,   0.07,   0.41,   1,   1,   0,   1,   0,   0,   0,   0,   0,   0,   0,   0,   0,   0,   0,   0,   0,   0,   0,   0,   0,   0
347,2023-04-18 05:48:00,   0.00,   2.02,   0.00,   0.01,   0.00,   1.44,   0.59,  56.60,   0.41,   1,   1,   0,   1,   0,   0,   0,   0,   0,   0,   0,   0,   0,   0,   0,   0,   0,   0,   0,   0,   0,   0
348,2023-04-18 05:49:00,   0.00,   1.93,   0.00,   0.01,   0.00,   1.34,   0.59,  57.46,   0.41,   1,   1,   0,   1,   0,   0,   0,   0,   0,   0,   0,   0,   0,   0,   0,   0,   0,   0,   0,   0,   0,   0
349,2023-04-18 05:50:00,   0.00,   3.75,   0.00,   0.01,   0.00,   0.50,   3.25,  26.93,   0.41,   1,   1,   0,   1,   0,   0,   0,   0,   0,   0,   0,   0,   0,   0,   0,   0,   0,   0,   0,   0,   0,   0
350,2023-04-18 05:51:00,   0.00,   1.85,   0.00,   0.01,   0.00,   1.25,   0.59,  58.77,   0.41,   1,   1,   0,   1,   0,   0,   0,   0,   0,   0,   0,   0,   0,   0,   0,   0,   0,   0,   0,   0,   0,   0
351,2023-04-18 05:52:00,   0.00,   4.30,   0.00,   0.01,   0.00,   0.14,   4.16,   0.07,   0.41,   1,   1,   0,   1,   0,   0,   0,   0,   0,   0,   0,   0,   0,   0,   0,   0,   0,   0,   0,   0,   0,   0
352,2023-04-18 05:53:00,   0.00,   1.81,   0.00,   0.01,   0.00,   1.19,   0.60,  60.48,   0.41,   1,   1,   0,   1,   0,   0,   0,   0,   0,   0,   0,   0,   0,   0,   0,   0,   0,   0,   0,   0,   0,   0
353,2023-04-18 05:54:00,   0.00,   1.78,   0.00,   0.01,   0.00,   1.17,   0.60,  60.48,   0.41,   1,   1,   0,   1,   0,   0,   0,   0,   0,   0,   0,   0,   0,   0,   0,   0,   0,   0,   0,   0,   0,   0
354,2023-04-18 05:55:00,   0.00,   3.11,   0.00,   0.01,   0.00,   0.63,   2.48,  38.41,   0.41,   1,   1,   0,   1,   0,   0,   0,   0,   0,   0,   0,   0,   0,   0,   0,   0,   0,   0,   0,   0,   0,   0
355,2023-04-18 05:56:00,   0.00,   1.74,   0.00,   0.01,   0.00,   1.12,   0.63,  61.01,   0.41,   1,   1,   0,   1,   0,   0,   0,   0,   0,   0,   0,   0,   0,   0,   0,   0,   0,   0,   0,   0,   0,   0
356,2023-04-18 05:57:00,   0.00,   4.32,   0.00,   0.01,   0.00,   0.19,   4.20,   0.07,   0.41,   1,   1,   0,   1,   0,   0,   0,   0,   0,   0,   0,   0,   0,   0,   0,   0,   0,   0,   0,   0,   0,   0
357,2023-04-18 05:58:00,   0.00,   4.30,   0.00,   0.01,   0.00,   0.17,   4.17,   0.07,   0.41,   1,   1,   0,   1,   0,   0,   0,   0,   0,   0,   0,   0,   0,   0,   0,   0,   0,   0,   0,   0,   0,   0
358,2023-04-18 05:59:00,   0.00,   4.33,   0.00,   0.01,   0.00,   0.14,   4.21,   0.07,   0.41,   1,   1,   0,   1,   0,   0,   0,   0,   0,   0,   0,   0,   0,   0,   0,   0,   0,   0,   0,   0,   0,   0
359,2023-04-18 06:00:00,   0.00,   4.37,   0.00,   0.01,   0.00,   0.12,   4.24,   0.07,   0.41,   1,   1,   0,   1,   0,   0,   0,   0,   0,   0,   0,   0,   0,   0,   0,   0,   0,   0,   0,   0,   0,   0
360,2023-04-18 06:01:00,   0.00,   1.70,   0.00,   0.01,   0.00,   1.10,   0.60,  62.43,   0.41,   1,   1,   0,   1,   0,   0,   0,   0,   0,   0,   0,   0,   0,   0,   0,   0,   0,   0,   0,   0,   0,   0
361,2023-04-18 06:02:00,   0.00,   4.26,   0.00,   0.01,   0.00,   0.15,   4.11,   0.07,   0.41,   1,   1,   0,   1,   0,   0,   0,   0,   0,   0,   0,   0,   0,   0,   0,   0,   0,   0,   0,   0,   0,   0
362,2023-04-18 06:03:00,   0.00,   1.71,   0.00,   0.01,   0.00,   1.07,   0.64,  62.25,   0.41,   1,   1,   0,   1,   0,   0,   0,   0,   0,   0,   0,   0,   0,   0,   0,   0,   0,   0,   0,   0,   0,   0
363,2023-04-18 06:04:00,   0.00,   4.35,   0.00,   0.01,   0.00,   0.13,   4.22,   0.07,   0.41,   1,   1,   0,   1,   0,   0,   0,   0,   0,   0,   0,   0,   0,   0,   0,   0,   0,   0,   0,   0,   0,   0
364,2023-04-18 06:05:00,   0.00,   1.67,   0.00,   0.01,   0.00,   1.03,   0.62,  62.41,   0.41,   1,   1,   0,   1,   0,   0,   0,   0,   0,   0,   0,   0,   0,   0,   0,   0,   0,   0,   0,   0,   0,   0
365,2023-04-18 06:06:00,   0.00,   4.27,   0.00,   0.01,   0.00,   0.15,   4.14,   0.07,   0.41,   1,   1,   0,   1,   0,   0,   0,   0,   0,   0,   0,   0,   0,   0,   0,   0,   0,   0,   0,   0,   0,   0
366,2023-04-18 06:07:00,   0.00,   1.65,   0.00,   0.01,   0.00,   1.03,   0.61,  63.33,   0.41,   1,   1,   0,   1,   0,   0,   0,   0,   0,   0,   0,   0,   0,   0,   0,   0,   0,   0,   0,   0,   0,   0
367,2023-04-18 06:08:00,   0.00,   4.30,   0.00,   0.01,   0.00,   0.13,   4.17,   0.07,   0.41,   1,   1,   0,   1,   0,   0,   0,   0,   0,   0,   0,   0,   0,   0,   0,   0,   0,   0,   0,   0,   0,   0
368,2023-04-18 06:09:00,   0.00,   1.65,   0.00,   0.01,   0.00,   1.03,   0.63,  63.45,   0.41,   1,   1,   0,   1,   0,   0,   0,   0,   0,   0,   0,   0,   0,   0,   0,   0,   0,   0,   0,   0,   0,   0
369,2023-04-18 06:10:00,   0.00,   1.65,   0.00,   0.01,   0.00,   1.01,   0.62,  63.52,   0.41,   1,   1,   0,   1,   0,   0,   0,   0,   0,   0,   0,   0,   0,   0,   0,   0,   0,   0,   0,   0,   0,   0
370,2023-04-18 06:11:00,   0.00,   1.64,   0.00,   0.01,   0.00,   1.02,   0.62,  62.18,   0.41,   1,   1,   0,   1,   0,   0,   0,   0,   0,   0,   0,   0,   0,   0,   0,   0,   0,   0,   0,   0,   0,   0
371,2023-04-18 06:12:00,   0.00,   1.68,   0.00,   0.01,   0.00,   1.02,   0.67,  62.86,   0.41,   1,   1,   0,   1,   0,   0,   0,   0,   0,   0,   0,   0,   0,   0,   0,   0,   0,   0,   0,   0,   0,   0
372,2023-04-18 06:13:00,   0.00,   4.31,   0.00,   0.01,   0.00,   0.13,   4.18,   0.07,   0.41,   1,   1,   0,   1,   0,   0,   0,   0,   0,   0,   0,   0,   0,   0,   0,   0,   0,   0,   0,   0,   0,   0
373,2023-04-18 06:14:00,   0.00,   1.64,   0.00,   0.01,   0.00,   0.99,   0.63,  63.86,   0.41,   1,   1,   0,   1,   0,   0,   0,   0,   0,   0,   0,   0,   0,   0,   0,   0,   0,   0,   0,   0,   0,   0
374,2023-04-18 06:15:00,   0.00,   4.34,   0.00,   0.01,   0.00,   0.17,   4.21,   0.07,   0.41,   1,   1,   0,   1,   0,   0,   0,   0,   0,   0,   0,   0,   0,   0,   0,   0,   0,   0,   0,   0,   0,   0
375,2023-04-18 06:16:00,   0.00,   1.65,   0.00,   0.01,   0.00,   0.97,   0.63,  63.22,   0.41,   1,   1,   0,   1,   0,   0,   0,   0,   0,   0,   0,   0,   0,   0,   0,   0,   0,   0,   0,   0,   0,   0
376,2023-04-18 06:17:00,   0.00,   1.63,   0.00,   0.01,   0.00,   1.01,   0.62,  62.70,   0.41,   1,   1,   0,   1,   0,   0,   0,   0,   0,   0,   0,   0,   0,   0,   0,   0,   0,   0,   0,   0,   0,   0
377,2023-04-18 06:18:00,   0.00,   1.64,   0.00,   0.01,   0.00,   0.97,   0.62,  63.68,   0.41,   1,   1,   0,   1,   0,   0,   0,   0,   0,   0,   0,   0,   0,   0,   0,   0,   0,   0,   0,   0,   0,   0
378,2023-04-18 06:19:00,   0.00,   1.62,   0.00,   0.01,   0.00,   1.00,   0.62,  62.80,   0.41,   1,   1,   0,   1,   0,   0,   0,   0,   0,   0,   0,   0,   0,   0,   0,   0,   0,   0,   0,   0,   0,   0
379,2023-04-18 06:20:00,   0.00,   1.68,   0.00,   0.01,   0.00,   1.00,   0.68,  63.20,   0.41,   1,   1,   0,   1,   0,   0,   0,   0,   0,   0,   0,   0,   0,   0,   0,   0,   0,   0,   0,   0,   0,   0
380,2023-04-18 06:21:00,   0.00,   1.63,   0.00,   0.01,   0.00,   1.01,   0.62,  63.13,   0.41,   1,   1,   0,   1,   0,   0,   0,   0,   0,   0,   0,   0,   0,   0,   0,   0,   0,   0,   0,   0,   0,   0
381,2023-04-18 06:22:00,   0.00,   1.64,   0.00,   0.01,   0.00,   0.96,   0.63,  63.49,   0.41,   1,   1,   0,   1,   0,   0,   0,   0,   0,   0,   0,   0,   0,   0,   0,   0,   0,   0,   0,   0,   0,   0
382,2023-04-18 06:23:00,   0.00,   4.29,   0.00,   0.01,   0.00,   0.14,   4.15,   1.46,   0.41,   1,   1,   0,   1,   0,   0,   0,   0,   0,   0,   0,   0,   0,   0,   0,   0,   0,   0,   0,   0,   0,   0
383,2023-04-18 06:24:00,   0.00,   1.62,   0.00,   0.01,   0.00,   1.00,   0.62,  62.66,   0.41,   1,   1,   0,   1,   0,   0,   0,   0,   0,   0,   0,   0,   0,   0,   0,   0,   0,   0,   0,   0,   0,   0
384,2023-04-18 06:25:00,   0.00,   4.20,   0.00,   0.01,   0.00,   0.14,   4.07,   0.07,   0.41,   1,   1,   0,   1,   0,   0,   0,   0,   0,   0,   0,   0,   0,   0,   0,   0,   0,   0,   0,   0,   0,   0
385,2023-04-18 06:26:00,   0.00,   1.66,   0.00,   0.01,   0.00,   1.00,   0.66,  63.09,   0.42,   1,   1,   0,   1,   0,   0,   0,   0,   0,   0,   0,   0,   0,   0,   0,   0,   0,   0,   0,   0,   0,   0
386,2023-04-18 06:27:00,   0.00,   4.17,   0.00,   0.01,   0.00,   0.15,   4.02,   0.07,   0.42,   1,   1,   0,   1,   0,   0,   0,   0,   0,   0,   0,   0,   0,   0,   0,   0,   0,   0,   0,   0,   0,   0
387,2023-04-18 06:28:00,   0.00,   1.70,   0.00,   0.01,   0.00,   0.89,   0.78,  60.09,   0.42,   1,   1,   0,   1,   0,   0,   0,   0,   0,   0,   0,   0,   0,   0,   0,   0,   0,   0,   0,   0,   0,   0
388,2023-04-18 06:29:00,   0.00,   1.32,   0.00,   0.01,   0.00,   0.95,   0.44,   0.07,   0.42,   1,   0,   0,   0,   0,   0,   0,   0,   0,   0,   0,   0,   0,   0,   0,   0,   0,   0,   0,   0,   0,   0
389,2023-04-18 06:30:00,   0.00,   1.48,   0.00,   0.01,   0.00,   1.09,   0.47,   1.22,   0.42,   1,   1,   0,   1,   0,   0,   0,   0,   0,   0,   0,   0,   0,   0,   0,   0,   0,   0,   0,   0,   0,   0
390,2023-04-18 06:31:00,   0.00,   1.16,   0.00,   0.01,   0.00,   0.77,   0.49,   0.07,   0.42,   1,   0,   0,   0,   0,   0,   0,   0,   0,   0,   0,   0,   0,   0,   0,   0,   0,   0,   0,   0,   0,   0
391,2023-04-18 06:32:00,   0.00,   1.09,   0.00,   0.01,   0.00,   0.64,   0.51,   0.07,   0.42,   1,   0,   0,   0,   0,   0,   0,   0,   0,   0,   0,   0,   0,   0,   0,   0,   0,   0,   0,   0,   0,   0
392,2023-04-18 06:33:00,   0.00,   0.68,   0.00,   0.01,   0.00,   0.10,   0.47,   0.07,   0.42,   1,   1,   0,   0,   0,   0,   0,   0,   0,   0,   0,   0,   0,   0,   0,   0,   0,   0,   0,   0,   0,   0
393,2023-04-18 06:34:00,   0.00,   0.51,   0.00,   0.01,   0.00,   0.09,   0.43,   0.07,   0.42,   1,   1,   0,   0,   0,   0,   0,   0,   0,   0,   0,   0,   0,   0,   0,   0,   0,   0,   0,   0,   0,   0
394,2023-04-18 06:35:00,   0.00,   0.45,   0.00,   0.01,   0.00,   0.09,   0.41,   0.07,   0.42,   1,   1,   0,   0,   0,   0,   0,   0,   0,   0,   0,   0,   0,   0,   0,   0,   0,   0,   0,   0,   0,   0
395,2023-04-18 06:36:00,   0.00,   0.43,   0.00,   0.01,   0.00,   0.09,   0.40,   0.07,   0.42,   1,   1,   0,   0,   0,   0,   0,   0,   0,   0,   0,   0,   0,   0,   0,   0,   0,   0,   0,   0,   0,   0
396,2023-04-18 06:37:00,   0.00,   0.43,   0.00,   0.01,   0.00,   0.08,   0.40,   0.07,   0.42,   1,   1,   0,   0,   0,   0,   0,   0,   0,   0,   0,   0,   0,   0,   0,   0,   0,   0,   0,   0,   0,   0
397,2023-04-18 06:38:00,   0.00,   0.42,   0.00,   0.01,   0.00,   0.08,   0.39,   0.07,   0.42,   1,   1,   0,   0,   0,   0,   0,   0,   0,   0,   0,   0,   0,   0,   0,   0,   0,   0,   0,   0,   0,   0
398,2023-04-18 06:39:00,   0.00,   0.42,   0.00,   0.01,   0.00,   0.08,   0.39,   0.07,   0.42,   1,   1,   0,   0,   0,   0,   0,   0,   0,   0,   0,   0,   0,   0,   0,   0,   0,   0,   0,   0,   0,   0
399,2023-04-18 06:40:00,   0.00,   0.41,   0.00,   0.01,   0.00,   0.07,   0.38,   0.07,   0.42,   1,   1,   0,   0,   0,   0,   0,   0,   0,   0,   0,   0,   0,   0,   0,   0,   0,   0,   0,   0,   0,   0
400,2023-04-18 06:41:00,   0.00,   0.41,   0.00,   0.01,   0.00,   0.07,   0.37,   0.07,   0.42,   1,   1,   0,   0,   0,   0,   0,   0,   0,   0,   0,   0,   0,   0,   0,   0,   0,   0,   0,   0,   0,   0
401,2023-04-18 06:42:00,   0.00,   0.40,   0.00,   0.01,   0.00,   0.07,   0.37,   0.07,   0.42,   1,   1,   0,   0,   0,   0,   0,   0,   0,   0,   0,   0,   0,   0,   0,   0,   0,   0,   0,   0,   0,   0
402,2023-04-18 06:43:00,   0.00,   0.40,   0.00,   0.01,   0.00,   0.06,   0.36,   0.07,   0.42,   1,   1,   0,   0,   0,   0,   0,   0,   0,   0,   0,   0,   0,   0,   0,   0,   0,   0,   0,   0,   0,   0
403,2023-04-18 06:44:00,   0.00,   0.39,   0.00,   0.01,   0.00,   0.06,   0.36,   0.07,   0.42,   1,   1,   0,   0,   0,   0,   0,   0,   0,   0,   0,   0,   0,   0,   0,   0,   0,   0,   0,   0,   0,   0
404,2023-04-18 06:45:00,   0.00,   0.39,   0.00,   0.01,   0.00,   0.06,   0.35,   0.07,   0.42,   1,   1,   0,   0,   0,   0,   0,   0,   0,   0,   0,   0,   0,   0,   0,   0,   0,   0,   0,   0,   0,   0
405,2023-04-18 06:46:00,   0.00,   0.38,   0.00,   0.01,   0.00,   0.06,   0.35,   0.07,   0.42,   1,   1,   0,   0,   0,   0,   0,   0,   0,   0,   0,   0,   0,   0,   0,   0,   0,   0,   0,   0,   0,   0
406,2023-04-18 06:47:00,   0.00,   0.38,   0.00,   0.01,   0.00,   0.05,   0.34,   0.07,   0.42,   1,   1,   0,   0,   0,   0,   0,   0,   0,   0,   0,   0,   0,   0,   0,   0,   0,   0,   0,   0,   0,   0
407,2023-04-18 06:48:00,   0.00,   0.37,   0.00,   0.01,   0.00,   0.05,   0.34,   0.07,   0.42,   1,   1,   0,   0,   0,   0,   0,   0,   0,   0,   0,   0,   0,   0,   0,   0,   0,   0,   0,   0,   0,   0
408,2023-04-18 06:49:00,   0.00,   0.37,   0.00,   0.01,   0.00,   0.05,   0.33,   0.07,   0.42,   1,   1,   0,   0,   0,   0,   0,   0,   0,   0,   0,   0,   0,   0,   0,   0,   0,   0,   0,   0,   0,   0
409,2023-04-18 06:50:00,   0.00,   0.36,   0.00,   0.01,   0.00,   0.04,   0.32,   0.07,   0.42,   1,   1,   0,   0,   0,   0,   0,   0,   0,   0,   0,   0,   0,   0,   0,   0,   0,   0,   0,   0,   0,   0
410,2023-04-18 06:51:00,   0.00,   0.94,   0.00,   0.01,   0.00,   0.21,   0.66,   0.07,   0.42,   1,   1,   0,   0,   0,   0,   0,   0,   0,   0,   0,   0,   0,   0,   0,   0,   0,   0,   0,   0,   0,   0
411,2023-04-18 06:52:00,   0.00,   0.76,   0.00,   0.01,   0.00,   0.06,   0.63,   0.07,   0.42,   1,   1,   0,   0,   0,   0,   0,   0,   0,   0,   0,   0,   0,   0,   0,   0,   0,   0,   0,   0,   0,   0
412,2023-04-18 06:53:00,   0.00,   0.64,   0.00,   0.01,   0.00,   0.05,   0.59,   0.07,   0.42,   1,   1,   0,   0,   0,   0,   0,   0,   0,   0,   0,   0,   0,   0,   0,   0,   0,   0,   0,   0,   0,   0
413,2023-04-18 06:54:00,   0.00,   0.52,   0.00,   0.01,   0.00,   0.38,   0.14,   0.92,   0.42,   1,   1,   0,   0,   0,   0,   0,   0,   0,   0,   0,   0,   0,   0,   0,   0,   0,   0,   0,   0,   0,   0
414,2023-04-18 06:55:00,   0.00,   3.43,   0.00,   0.01,   0.00,   3.13,   0.24,  34.71,   0.42,   1,   1,   0,   1,   0,   0,   0,   0,   0,   0,   0,   0,   0,   0,   0,   0,   0,   0,   0,   0,   0,   0
415,2023-04-18 06:56:00,   0.00,   4.02,   0.00,   0.01,   0.00,   3.83,   0.19,  14.95,   0.42,   1,   1,   0,   1,   0,   0,   0,   0,   0,   0,   0,   0,   0,   0,   0,   0,   0,   0,   0,   0,   0,   0
416,2023-04-18 06:57:00,   0.00,   0.55,   0.00,   0.01,   0.00,   0.41,   0.18,   0.07,   0.42,   1,   1,   0,   0,   0,   0,   0,   0,   0,   0,   0,   0,   0,   0,   0,   0,   0,   0,   0,   0,   0,   0
417,2023-04-18 06:58:00,   0.00,   0.30,   0.00,   0.01,   0.00,   0.16,   0.16,   0.07,   0.42,   1,   1,   0,   0,   0,   0,   0,   0,   0,   0,   0,   0,   0,   0,   0,   0,   0,   0,   0,   0,   0,   0
418,2023-04-18 06:59:00,   0.00,   0.46,   0.00,   0.01,   0.00,   0.15,   0.33,   0.07,   0.42,   1,   1,   0,   0,   0,   0,   0,   0,   0,   0,   0,   0,   0,   0,   0,   0,   0,   0,   0,   0,   0,   0
419,2023-04-18 07:00:00,   0.00,   0.47,   0.00,   0.01,   0.00,   0.14,   0.33,   0.07,   0.42,   1,   1,   0,   0,   0,   0,   0,   0,   0,   0,   0,   0,   0,   0,   0,   0,   0,   0,   0,   0,   0,   0
420,2023-04-18 07:01:00,   0.00,   0.47,   0.00,   0.01,   0.00,   0.13,   0.34,   0.07,   0.42,   1,   1,   0,   0,   0,   0,   0,   0,   0,   0,   0,   0,   0,   0,   0,   0,   0,   0,   0,   0,   0,   0
421,2023-04-18 07:02:00,   0.00,   0.48,   0.00,   0.01,   0.00,   0.11,   0.34,   0.07,   0.42,   1,   1,   0,   0,   0,   0,   0,   0,   0,   0,   0,   0,   0,   0,   0,   0,   0,   0,   0,   0,   0,   0
422,2023-04-18 07:03:00,   0.00,   0.48,   0.00,   0.01,   0.00,   0.10,   0.35,   0.07,   0.42,   1,   1,   0,   0,   0,   0,   0,   1,   0,   0,   0,   0,   0,   0,   0,   0,   0,   0,   0,   0,   0,   0
423,2023-04-18 07:04:00,   0.00,   0.09,   0.00,   0.01,   0.00,  -0.29,   0.35,   0.07,   0.42,   1,   1,   0,   0,   0,   0,   0,   1,   0,   0,   0,   0,   0,   0,   0,   0,   0,   0,   0,   0,   0,   0
424,2023-04-18 07:05:00,   0.00,   0.10,   0.00,   0.01,   0.00,  -0.28,   0.36,   0.07,   0.42,   1,   1,   0,   0,   0,   0,   0,   1,   0,   0,   0,   0,   0,   0,   0,   0,   0,   0,   0,   0,   0,   0
425,2023-04-18 07:06:00,   0.00,   0.11,   0.00,   0.01,   0.00,  -0.27,   0.36,   0.07,   0.42,   1,   1,   0,   0,   0,   0,   0,   1,   0,   0,   0,   0,   0,   0,   0,   0,   0,   0,   0,   0,   0,   0
426,2023-04-18 07:07:00,   0.00,   0.12,   0.00,   0.01,   0.00,  -0.26,   0.37,   0.07,   0.42,   1,   1,   0,   0,   0,   0,   0,   1,   0,   0,   0,   0,   0,   0,   0,   0,   0,   0,   0,   0,   0,   0
427,2023-04-18 07:08:00,   0.00,   0.13,   0.00,   0.01,   0.00,  -0.25,   0.38,   0.07,   0.42,   1,   1,   0,   0,   0,   0,   0,   1,   0,   0,   0,   0,   0,   0,   0,   0,   0,   0,   0,   0,   0,   0
428,2023-04-18 07:09:00,   0.00,   0.14,   0.00,   0.01,   0.00,  -0.24,   0.38,   0.07,   0.42,   1,   1,   0,   0,   0,   0,   0,   1,   0,   0,   0,   0,   0,   0,   0,   0,   0,   0,   0,   0,   0,   0
429,2023-04-18 07:10:00,   0.00,   2.86,   0.00,   0.01,   0.00,   2.40,   0.42,   0.07,   0.42,   1,   1,   0,   0,   0,   0,   0,   0,   0,   0,   0,   0,   0,   0,   0,   0,   0,   0,   0,   0,   0,   0
430,2023-04-18 07:11:00,   0.00,   0.62,   0.00,   0.01,   0.00,   0.16,   0.43,   0.07,   0.42,   1,   1,   0,   0,   0,   0,   0,   0,   0,   0,   0,   0,   0,   0,   0,   0,   0,   0,   0,   0,   0,   0
431,2023-04-18 07:12:00,   0.00,   0.55,   0.00,   0.01,   0.00,   0.13,   0.42,   0.07,   0.42,   1,   1,   0,   0,   0,   0,   0,   0,   0,   0,   0,   0,   0,   0,   0,   0,   0,   0,   0,   0,   0,   0
432,2023-04-18 07:13:00,   0.00,   2.58,   0.00,   0.01,   0.00,   1.94,   0.55,  52.81,   0.42,   1,   1,   0,   1,   0,   0,   0,   0,   0,   0,   0,   0,   0,   0,   0,   0,   0,   0,   0,   0,   0,   0
433,2023-04-18 07:14:00,   0.00,   3.89,   0.00,   0.01,   0.00,   3.47,   0.43,  19.11,   0.42,   1,   1,   0,   1,   0,   0,   0,   0,   0,   0,   0,   0,   0,   0,   0,   0,   0,   0,   0,   0,   0,   0
434,2023-04-18 07:15:00,   0.00,   0.92,   0.00,   0.01,   0.00,   0.54,   0.40,   0.07,   0.42,   1,   1,   0,   0,   0,   0,   0,   0,   0,   0,   0,   0,   0,   0,   0,   0,   0,   0,   0,   0,   0,   0
435,2023-04-18 07:16:00,   0.00,   0.57,   0.00,   0.01,   0.00,   0.15,   0.40,   0.07,   0.42,   1,   1,   0,   0,   0,   0,   0,   0,   0,   0,   0,   0,   0,   0,   0,   0,   0,   0,   0,   0,   0,   0
436,2023-04-18 07:17:00,   0.00,   1.48,   0.00,   0.01,   0.00,   1.05,   0.39,   0.07,   0.42,   1,   1,   0,   0,   0,   0,   0,   0,   0,   0,   0,   0,   0,   0,   0,   0,   0,   0,   0,   0,   0,   0
437,2023-04-18 07:18:00,   0.00,   0.53,   0.00,   0.01,   0.00,   0.20,   0.39,   0.07,   0.42,   1,   1,   0,   0,   0,   0,   0,   0,   0,   0,   0,   0,   0,   0,   0,   0,   0,   0,   0,   0,   0,   0
438,2023-04-18 07:19:00,   0.00,   0.52,   0.00,   0.01,   0.00,   0.18,   0.38,   0.07,   0.42,   1,   1,   0,   0,   0,   0,   0,   0,   0,   0,   0,   0,   0,   0,   0,   0,   0,   0,   0,   0,   0,   0
439,2023-04-18 07:20:00,   0.00,   0.51,   0.00,   0.01,   0.00,   0.16,   0.38,   0.07,   0.43,   1,   1,   0,   0,   0,   0,   0,   0,   0,   0,   0,   0,   0,   0,   0,   0,   0,   0,   0,   0,   0,   0
440,2023-04-18 07:21:00,   0.00,   0.51,   0.00,   0.01,   0.00,   0.14,   0.37,   0.07,   0.43,   1,   1,   0,   0,   0,   0,   0,   0,   0,   0,   0,   0,   0,   0,   0,   0,   0,   0,   0,   0,   0,   0
441,2023-04-18 07:22:00,   0.00,   3.58,   0.00,   0.01,   0.00,   3.14,   0.36,  10.59,   0.43,   1,   1,   0,   1,   0,   0,   0,   0,   0,   0,   0,   0,   0,   0,   0,   0,   0,   0,   0,   0,   0,   0
442,2023-04-18 07:23:00,   0.00,   0.62,   0.00,   0.01,   0.00,   0.21,   0.36,   0.07,   0.43,   1,   1,   0,   0,   0,   0,   0,   0,   0,   0,   0,   0,   0,   0,   0,   0,   0,   0,   0,   0,   0,   0
443,2023-04-18 07:24:00,   0.00,   0.98,   0.00,   0.01,   0.00,   0.58,   0.35,   0.07,   0.43,   1,   1,   0,   0,   0,   0,   0,   0,   0,   0,   0,   0,   0,   0,   0,   0,   0,   0,   0,   0,   0,   0
444,2023-04-18 07:25:00,   0.00,   3.93,   0.00,   0.01,   0.00,   3.50,   0.35,   6.43,   0.43,   1,   1,   0,   1,   0,   0,   0,   0,   0,   0,   0,   0,   0,   0,   0,   0,   0,   0,   0,   0,   0,   0
445,2023-04-18 07:26:00,   0.00,   3.19,   0.00,   0.01,   0.00,   2.78,   0.34,   1.58,   0.43,   1,   1,   0,   1,   0,   0,   0,   0,   0,   0,   0,   0,   0,   0,   0,   0,   0,   0,   0,   0,   0,   0
446,2023-04-18 07:27:00,   0.00,   3.44,   0.00,   0.01,   0.00,   3.02,   0.34,   3.08,   0.43,   1,   1,   0,   0,   0,   0,   0,   0,   0,   0,   0,   0,   0,   0,   0,   0,   0,   0,   0,   0,   0,   0
447,2023-04-18 07:28:00,   0.00,   0.87,   0.00,   0.01,   0.00,   0.47,   0.33,   0.07,   0.43,   1,   1,   0,   0,   0,   0,   0,   0,   0,   0,   0,   0,   0,   0,   0,   0,   0,   0,   0,   0,   0,   0
448,2023-04-18 07:29:00,   0.00,   0.55,   0.00,   0.01,   0.00,   0.19,   0.32,   0.07,   0.43,   1,   1,   0,   0,   0,   0,   0,   0,   0,   0,   0,   0,   0,   0,   0,   0,   0,   0,   0,   0,   0,   0
449,2023-04-18 07:30:00,   0.00,   0.49,   0.00,   0.01,   0.00,   0.18,   0.32,   0.07,   0.43,   1,   1,   0,   0,   0,   0,   0,   0,   0,   0,   0,   0,   0,   0,   0,   0,   0,   0,   0,   0,   0,   0
450,2023-04-18 07:31:00,   0.00,   0.42,   0.00,   0.01,   0.00,   0.17,   0.29,   0.07,   0.43,   1,   1,   0,   0,   0,   0,   0,   0,   0,   0,   0,   0,   0,   0,   0,   0,   0,   0,   0,   0,   0,   0
451,2023-04-18 07:32:00,   0.00,   0.35,   0.00,   0.01,   0.00,   0.17,   0.23,   0.07,   0.43,   1,   1,   0,   0,   0,   0,   0,   0,   0,   0,   0,   0,   0,   0,   0,   0,   0,   0,   0,   0,   0,   0
452,2023-04-18 07:33:00,   0.00,   0.28,   0.00,   0.01,   0.00,   0.16,   0.17,   0.07,   0.43,   1,   1,   0,   0,   0,   0,   0,   0,   0,   0,   0,   0,   0,   0,   0,   0,   0,   0,   0,   0,   0,   0
453,2023-04-18 07:34:00,   0.00,   0.25,   0.00,   0.01,   0.00,   0.15,   0.11,   0.07,   0.43,   1,   1,   0,   0,   0,   0,   0,   0,   0,   0,   0,   0,   0,   0,   0,   0,   0,   0,   0,   0,   0,   0
454,2023-04-18 07:35:00,   0.00,   0.22,   0.00,   0.01,   0.00,   0.14,   0.09,   0.07,   0.43,   1,   1,   0,   0,   0,   0,   0,   0,   0,   0,   0,   0,   0,   0,   0,   0,   0,   0,   0,   0,   0,   0
455,2023-04-18 07:36:00,   0.00,   0.19,   0.00,   0.01,   0.00,   0.14,   0.07,   0.07,   0.43,   1,   1,   0,   0,   0,   0,   0,   0,   0,   0,   0,   0,   0,   0,   0,   0,   0,   0,   0,   0,   0,   0
456,2023-04-18 07:37:00,   0.00,   0.16,   0.00,   0.01,   0.00,   0.13,   0.05,   0.07,   0.43,   1,   1,   0,   0,   0,   0,   0,   0,   0,   0,   0,   0,   0,   0,   0,   0,   0,   0,   0,   0,   0,   0
457,2023-04-18 07:38:00,   0.00,   0.15,   0.00,   0.01,   0.00,   0.12,   0.03,   0.07,   0.43,   1,   1,   0,   0,   0,   0,   0,   0,   0,   0,   0,   0,   0,   0,   0,   0,   0,   0,   0,   0,   0,   0
458,2023-04-18 07:39:00,   0.00,   0.14,   0.00,   0.01,   0.00,   0.11,   0.01,   0.07,   0.43,   1,   1,   0,   0,   0,   0,   0,   0,   0,   0,   0,   0,   0,   0,   0,   0,   0,   0,   0,   0,   0,   0
459,2023-04-18 07:40:00,   0.00,   0.13,   0.00,   0.01,   0.00,   0.11,   0.00,   0.07,   0.43,   1,   1,   0,   0,   0,   0,   0,   0,   0,   0,   0,   0,   0,   0,   0,   0,   0,   0,   0,   0,   0,   0
460,2023-04-18 07:41:00,   0.00,   0.13,   0.00,   0.01,   0.00,   0.10,   0.00,   0.07,   0.43,   1,   1,   0,   0,   0,   0,   0,   0,   0,   0,   0,   0,   0,   0,   0,   0,   0,   0,   0,   0,   0,   0
461,2023-04-18 07:42:00,   0.00,   0.12,   0.00,   0.01,   0.00,   0.09,   0.00,   0.07,   0.43,   1,   1,   0,   0,   0,   0,   0,   0,   0,   0,   0,   0,   0,   0,   0,   0,   0,   0,   0,   0,   0,   0
462,2023-04-18 07:43:00,   0.00,   0.11,   0.00,   0.01,   0.00,   0.09,   0.00,   0.07,   0.43,   1,   1,   0,   0,   0,   0,   0,   0,   0,   0,   0,   0,   0,   0,   0,   0,   0,   0,   0,   0,   0,   0
463,2023-04-18 07:44:00,   0.00,   0.11,   0.00,   0.01,   0.00,   0.09,   0.00,   0.07,   0.43,   1,   1,   0,   0,   0,   0,   0,   0,   0,   0,   0,   0,   0,   0,   0,   0,   0,   0,   0,   0,   0,   0
464,2023-04-18 07:45:00,   0.00,   0.10,   0.00,   0.01,   0.00,   0.09,   0.00,   0.07,   0.43,   1,   1,   0,   0,   0,   0,   0,   0,   0,   0,   0,   0,   0,   0,   0,   0,   0,   0,   0,   0,   0,   0
465,2023-04-18 07:46:00,   0.00,   0.09,   0.00,   0.01,   0.00,   0.09,   0.00,   0.07,   0.43,   1,   1,   0,   0,   0,   0,   0,   0,   0,   0,   0,   0,   0,   0,   0,   0,   0,   0,   0,   0,   0,   0
466,2023-04-18 07:47:00,   0.00,   0.09,   0.00,   0.01,   0.00,   0.09,   0.00,   0.07,   0.43,   1,   1,   0,   0,   0,   0,   0,   0,   0,   0,   0,   0,   0,   0,   0,   0,   0,   0,   0,   0,   0,   0
467,2023-04-18 07:48:00,   0.00,   0.08,   0.00,   0.01,   0.00,   0.09,   0.00,   0.07,   0.43,   1,   1,   0,   0,   0,   0,   0,   0,   0,   0,   0,   0,   0,   0,   0,   0,   0,   0,   0,   0,   0,   0
468,2023-04-18 07:49:00,   0.00,   0.08,   0.00,   0.01,   0.00,   0.09,   0.00,   0.07,   0.43,   1,   1,   0,   0,   0,   0,   0,   0,   0,   0,   0,   0,   0,   0,   0,   0,   0,   0,   0,   0,   0,   0
469,2023-04-18 07:50:00,   0.00,   0.07,   0.00,   0.01,   0.00,   0.09,   0.00,   0.07,   0.43,   1,   1,   0,   0,   0,   0,   0,   0,   0,   0,   0,   0,   0,   0,   0,   0,   0,   0,   0,   0,   0,   0
470,2023-04-18 07:51:00,   0.00,   0.06,   0.00,   0.01,   0.00,   0.08,   0.00,   0.07,   0.43,   1,   1,   0,   0,   0,   0,   0,   0,   0,   0,   0,   0,   0,   0,   0,   0,   0,   0,   0,   0,   0,   0
471,2023-04-18 07:52:00,   0.00,   0.06,   0.00,   0.01,   0.00,   0.08,   0.00,   0.07,   0.43,   1,   1,   0,   0,   0,   0,   0,   0,   0,   0,   0,   0,   0,   0,   0,   0,   0,   0,   0,   0,   0,   0
472,2023-04-18 07:53:00,   0.00,   0.05,   0.00,   0.01,   0.00,   0.08,   0.00,   0.07,   0.43,   1,   1,   0,   0,   0,   0,   0,   0,   0,   0,   0,   0,   0,   0,   0,   0,   0,   0,   0,   0,   0,   0
473,2023-04-18 07:54:00,   0.00,   0.05,   0.00,   0.01,   0.00,   0.08,   0.00,   0.07,   0.43,   1,   1,   0,   0,   0,   0,   0,   0,   0,   0,   0,   0,   0,   0,   0,   0,   0,   0,   0,   0,   0,   0
474,2023-04-18 07:55:00,   0.00,   0.05,   0.00,   0.01,   0.00,   0.08,   0.00,   0.07,   0.43,   1,   1,   0,   0,   0,   0,   0,   0,   0,   0,   0,   0,   0,   0,   0,   0,   0,   0,   0,   0,   0,   0
475,2023-04-18 07:56:00,   0.00,   0.05,   0.00,   0.01,   0.00,   0.08,   0.00,   0.07,   0.43,   1,   1,   0,   0,   0,   0,   0,   0,   0,   0,   0,   0,   0,   0,   0,   0,   0,   0,   0,   0,   0,   0
476,2023-04-18 07:57:00,   0.00,   0.05,   0.00,   0.01,   0.00,   0.08,   0.00,   0.07,   0.43,   1,   1,   0,   0,   0,   0,   0,   0,   0,   0,   0,   0,   0,   0,   0,   0,   0,   0,   0,   0,   0,   0
477,2023-04-18 07:58:00,   0.00,   0.05,   0.00,   0.01,   0.00,   0.08,   0.00,   0.07,   0.43,   1,   1,   0,   0,   0,   0,   0,   0,   0,   0,   0,   0,   0,   0,   0,   0,   0,   0,   0,   0,   0,   0
478,2023-04-18 07:59:00,   0.00,   0.05,   0.00,   0.01,   0.00,   0.08,   0.00,   0.07,   0.43,   1,   1,   0,   0,   0,   0,   0,   0,   0,   0,   0,   0,   0,   0,   0,   0,   0,   0,   0,   0,   0,   0
479,2023-04-18 08:00:00,   0.00,   0.05,   0.00,   0.01,   0.00,   0.08,   0.00,   0.07,   0.43,   1,   1,   0,   0,   0,   0,   0,   0,   0,   0,   0,   0,   0,   0,   0,   0,   0,   0,   0,   0,   0,   0
480,2023-04-18 08:01:00,   0.00,   0.05,   0.00,   0.01,   0.00,   0.08,   0.00,   0.07,   0.43,   1,   1,   0,   0,   0,   0,   0,   0,   0,   0,   0,   0,   0,   0,   0,   0,   0,   0,   0,   0,   0,   0
481,2023-04-18 08:02:00,   0.00,   0.05,   0.00,   0.01,   0.00,   0.08,   0.00,   0.07,   0.43,   1,   1,   0,   0,   0,   0,   0,   0,   0,   0,   0,   0,   0,   0,   0,   0,   0,   0,   0,   0,   0,   0
482,2023-04-18 08:03:00,   0.00,   0.05,   0.00,   0.01,   0.00,   0.07,   0.00,   0.07,   0.43,   1,   1,   0,   0,   0,   0,   0,   0,   0,   0,   0,   0,   0,   0,   0,   0,   0,   0,   0,   0,   0,   0
483,2023-04-18 08:04:00,   0.00,   0.05,   0.00,   0.01,   0.00,   0.07,   0.00,   0.07,   0.43,   1,   1,   0,   0,   0,   0,   0,   0,   0,   0,   0,   0,   0,   0,   0,   0,   0,   0,   0,   0,   0,   0
484,2023-04-18 08:05:00,   0.00,   0.05,   0.00,   0.01,   0.00,   0.07,   0.00,   0.07,   0.43,   1,   1,   0,   0,   0,   0,   0,   0,   0,   0,   0,   0,   0,   0,   0,   0,   0,   0,   0,   0,   0,   0
485,2023-04-18 08:06:00,   0.00,   0.05,   0.00,   0.01,   0.00,   0.07,   0.00,   0.07,   0.43,   1,   1,   0,   0,   0,   0,   0,   0,   0,   0,   0,   0,   0,   0,   0,   0,   0,   0,   0,   0,   0,   0
486,2023-04-18 08:07:00,   0.00,   0.05,   0.00,   0.01,   0.00,   0.07,   0.00,   0.07,   0.43,   1,   1,   0,   0,   0,   0,   0,   0,   0,   0,   0,   0,   0,   0,   0,   0,   0,   0,   0,   0,   0,   0
487,2023-04-18 08:08:00,   0.00,   0.05,   0.00,   0.01,   0.00,   0.07,   0.00,   0.07,   0.44,   1,   1,   0,   0,   0,   0,   0,   0,   0,   0,   0,   0,   0,   0,   0,   0,   0,   0,   0,   0,   0,   0
488,2023-04-18 08:09:00,   0.00,   0.05,   0.00,   0.01,   0.00,   0.07,   0.00,   0.07,   0.44,   1,   1,   0,   0,   0,   0,   0,   0,   0,   0,   0,   0,   0,   0,   0,   0,   0,   0,   0,   0,   0,   0
489,2023-04-18 08:10:00,   0.00,   0.05,   0.00,   0.01,   0.00,   0.07,   0.00,   0.07,   0.44,   1,   1,   0,   0,   0,   0,   0,   0,   0,   0,   0,   0,   0,   0,   0,   0,   0,   0,   0,   0,   0,   0
490,2023-04-18 08:11:00,   0.00,   0.05,   0.00,   0.01,   0.00,   0.07,   0.00,   0.07,   0.44,   1,   1,   0,   0,   0,   0,   0,   0,   0,   0,   0,   0,   0,   0,   0,   0,   0,   0,   0,   0,   0,   0
491,2023-04-18 08:12:00,   0.00,   0.05,   0.00,   0.01,   0.00,   0.07,   0.00,   0.07,   0.44,   1,   1,   0,   0,   0,   0,   0,   0,   0,   0,   0,   0,   0,   0,   0,   0,   0,   0,   0,   0,   0,   0
492,2023-04-18 08:13:00,   0.00,   0.05,   0.00,   0.01,   0.00,   0.07,   0.00,   0.07,   0.44,   1,   1,   0,   0,   0,   0,   0,   0,   0,   0,   0,   0,   0,   0,   0,   0,   0,   0,   0,   0,   0,   0
493,2023-04-18 08:14:00,   0.00,   0.05,   0.00,   0.01,   0.00,   0.06,   0.00,   0.07,   0.44,   1,   1,   0,   0,   0,   0,   0,   0,   0,   0,   0,   0,   0,   0,   0,   0,   0,   0,   0,   0,   0,   0
494,2023-04-18 08:15:00,   0.00,   0.05,   0.00,   0.01,   0.00,   0.06,   0.00,   0.07,   0.44,   1,   1,   0,   0,   0,   0,   0,   0,   0,   0,   0,   0,   0,   0,   0,   0,   0,   0,   0,   0,   0,   0
495,2023-04-18 08:16:00,   0.00,   0.05,   0.00,   0.01,   0.00,   0.06,   0.00,   0.07,   0.44,   1,   1,   0,   0,   0,   0,   0,   0,   0,   0,   0,   0,   0,   0,   0,   0,   0,   0,   0,   0,   0,   0
496,2023-04-18 08:17:00,   0.00,   0.05,   0.00,   0.01,   0.00,   0.06,   0.00,   0.07,   0.44,   1,   1,   0,   0,   0,   0,   0,   0,   0,   0,   0,   0,   0,   0,   0,   0,   0,   0,   0,   0,   0,   0
497,2023-04-18 08:18:00,   0.00,   0.05,   0.00,   0.01,   0.00,   0.06,   0.00,   0.07,   0.44,   1,   1,   0,   0,   0,   0,   0,   0,   0,   0,   0,   0,   0,   0,   0,   0,   0,   0,   0,   0,   0,   0
498,2023-04-18 08:19:00,   0.00,   0.05,   0.00,   0.01,   0.00,   0.06,   0.00,   0.07,   0.44,   1,   1,   0,   0,   0,   0,   0,   0,   0,   0,   0,   0,   0,   0,   0,   0,   0,   0,   0,   0,   0,   0
499,2023-04-18 08:20:00,   0.00,   0.05,   0.00,   0.01,   0.00,   0.06,   0.00,   0.07,   0.44,   1,   1,   0,   0,   0,   0,   0,   0,   0,   0,   0,   0,   0,   0,   0,   0,   0,   0,   0,   0,   0,   0
500,2023-04-18 08:21:00,   0.00,   0.05,   0.00,   0.01,   0.00,   0.06,   0.00,   0.07,   0.44,   1,   1,   0,   0,   0,   0,   0,   0,   0,   0,   0,   0,   0,   0,   0,   0,   0,   0,   0,   0,   0,   0
501,2023-04-18 08:22:00,   0.00,   0.04,   0.00,   0.01,   0.00,   0.06,   0.00,   0.07,   0.44,   1,   1,   0,   0,   0,   0,   0,   0,   0,   0,   0,   0,   0,   0,   0,   0,   0,   0,   0,   0,   0,   0
502,2023-04-18 08:23:00,   0.00,   0.04,   0.00,   0.01,   0.00,   0.06,   0.00,   0.07,   0.44,   1,   1,   0,   0,   0,   0,   0,   0,   0,   0,   0,   0,   0,   0,   0,   0,   0,   0,   0,   0,   0,   0
503,2023-04-18 08:24:00,   0.00,   0.04,   0.00,   0.01,   0.00,   0.06,   0.00,   0.07,   0.44,   1,   1,   0,   0,   0,   0,   0,   0,   0,   0,   0,   0,   0,   0,   0,   0,   0,   0,   0,   0,   0,   0
504,2023-04-18 08:25:00,   0.00,   0.04,   0.00,   0.01,   0.00,   0.05,   0.00,   0.07,   0.44,   1,   1,   0,   0,   0,   0,   0,   0,   0,   0,   0,   0,   0,   0,   0,   0,   0,   0,   0,   0,   0,   0
505,2023-04-18 08:26:00,   0.00,   0.04,   0.00,   0.01,   0.00,   0.05,   0.00,   0.07,   0.44,   1,   1,   0,   0,   0,   0,   0,   0,   0,   0,   0,   0,   0,   0,   0,   0,   0,   0,   0,   0,   0,   0
506,2023-04-18 08:27:00,   0.00,   0.04,   0.00,   0.01,   0.00,   0.05,   0.00,   0.07,   0.44,   1,   1,   0,   0,   0,   0,   0,   0,   0,   0,   0,   0,   0,   0,   0,   0,   0,   0,   0,   0,   0,   0
507,2023-04-18 08:28:00,   0.00,   0.04,   0.00,   0.01,   0.00,   0.05,   0.00,   0.07,   0.44,   1,   1,   0,   0,   0,   0,   0,   0,   0,   0,   0,   0,   0,   0,   0,   0,   0,   0,   0,   0,   0,   0
508,2023-04-18 08:29:00,   0.00,   0.04,   0.00,   0.01,   0.00,   0.05,   0.00,   0.07,   0.44,   1,   1,   0,   0,   0,   0,   0,   0,   0,   0,   0,   0,   0,   0,   0,   0,   0,   0,   0,   0,   0,   0
509,2023-04-18 08:30:00,   0.00,   0.04,   0.00,   0.01,   0.00,   0.05,   0.00,   0.07,   0.44,   1,   1,   0,   0,   0,   0,   0,   0,   0,   0,   0,   0,   0,   0,   0,   0,   0,   0,   0,   0,   0,   0
510,2023-04-18 08:31:00,   0.00,   0.04,   0.00,   0.01,   0.00,   0.05,   0.00,   0.07,   0.44,   1,   1,   0,   0,   0,   0,   0,   0,   0,   0,   0,   0,   0,   0,   0,   0,   0,   0,   0,   0,   0,   0
511,2023-04-18 08:32:00,   0.00,   0.04,   0.00,   0.01,   0.00,   0.05,   0.00,   0.07,   0.44,   1,   1,   0,   0,   0,   0,   0,   0,   0,   0,   0,   0,   0,   0,   0,   0,   0,   0,   0,   0,   0,   0
512,2023-04-18 08:33:00,   0.00,   0.04,   0.00,   0.01,   0.00,   0.05,   0.00,   0.07,   0.44,   1,   1,   0,   0,   0,   0,   0,   0,   0,   0,   0,   0,   0,   0,   0,   0,   0,   0,   0,   0,   0,   0
513,2023-04-18 08:34:00,   0.00,   0.04,   0.00,   0.01,   0.00,   0.05,   0.00,   0.07,   0.44,   1,   1,   0,   0,   0,   0,   0,   0,   0,   0,   0,   0,   0,   0,   0,   0,   0,   0,   0,   0,   0,   0
514,2023-04-18 08:35:00,   0.00,   0.04,   0.00,   0.01,   0.00,   0.05,   0.00,   0.07,   0.44,   1,   1,   0,   0,   0,   0,   0,   0,   0,   0,   0,   0,   0,   0,   0,   0,   0,   0,   0,   0,   0,   0
515,2023-04-18 08:36:00,   0.00,   0.04,   0.00,   0.01,   0.00,   0.05,   0.00,   0.07,   0.44,   1,   1,   0,   0,   0,   0,   0,   0,   0,   0,   0,   0,   0,   0,   0,   0,   0,   0,   0,   0,   0,   0
516,2023-04-18 08:37:00,   0.00,   0.04,   0.00,   0.01,   0.00,   0.04,   0.00,   0.07,   0.44,   1,   1,   0,   0,   0,   0,   0,   0,   0,   0,   0,   0,   0,   0,   0,   0,   0,   0,   0,   0,   0,   0
517,2023-04-18 08:38:00,   0.00,   0.04,   0.00,   0.01,   0.00,   0.04,   0.00,   0.07,   0.44,   1,   1,   0,   0,   0,   0,   0,   0,   0,   0,   0,   0,   0,   0,   0,   0,   0,   0,   0,   0,   0,   0
518,2023-04-18 08:39:00,   0.00,   0.04,   0.00,   0.01,   0.00,   0.04,   0.00,   0.07,   0.44,   1,   1,   0,   0,   0,   0,   0,   0,   0,   0,   0,   0,   0,   0,   0,   0,   0,   0,   0,   0,   0,   0
519,2023-04-18 08:40:00,   0.00,   0.04,   0.00,   0.01,   0.00,   0.04,   0.00,   0.07,   0.44,   1,   1,   0,   0,   0,   0,   0,   0,   0,   0,   0,   0,   0,   0,   0,   0,   0,   0,   0,   0,   0,   0
520,2023-04-18 08:41:00,   0.00,   0.04,   0.00,   0.01,   0.00,   0.04,   0.00,   0.07,   0.44,   1,   1,   0,   0,   0,   0,   0,   0,   0,   0,   0,   0,   0,   0,   0,   0,   0,   0,   0,   0,   0,   0
521,2023-04-18 08:42:00,   0.00,   0.04,   0.00,   0.01,   0.00,   0.04,   0.00,   0.07,   0.44,   1,   1,   0,   0,   0,   0,   0,   0,   0,   0,   0,   0,   0,   0,   0,   0,   0,   0,   0,   0,   0,   0
522,2023-04-18 08:43:00,   0.00,   0.04,   0.00,   0.01,   0.00,   0.04,   0.00,   0.07,   0.44,   1,   1,   0,   0,   0,   0,   0,   0,   0,   0,   0,   0,   0,   0,   0,   0,   0,   0,   0,   0,   0,   0
523,2023-04-18 08:44:00,   0.00,   0.04,   0.00,   0.01,   0.00,   0.04,   0.00,   0.07,   0.44,   1,   1,   0,   0,   0,   0,   0,   0,   0,   0,   0,   0,   0,   0,   0,   0,   0,   0,   0,   0,   0,   0
524,2023-04-18 08:45:00,   0.00,   0.04,   0.00,   0.01,   0.00,   0.04,   0.00,   0.07,   0.44,   1,   1,   0,   0,   0,   0,   0,   0,   0,   0,   0,   0,   0,   0,   0,   0,   0,   0,   0,   0,   0,   0
525,2023-04-18 08:46:00,   0.00,   0.04,   0.00,   0.01,   0.00,   0.04,   0.00,   0.07,   0.44,   1,   1,   0,   0,   0,   0,   0,   0,   0,   0,   0,   0,   0,   0,   0,   0,   0,   0,   0,   0,   0,   0
526,2023-04-18 08:47:00,   0.00,   0.04,   0.00,   0.01,   0.00,   0.04,   0.00,   0.07,   0.44,   1,   1,   0,   0,   0,   0,   0,   0,   0,   0,   0,   0,   0,   0,   0,   0,   0,   0,   0,   0,   0,   0
527,2023-04-18 08:48:00,   0.00,   0.04,   0.00,   0.01,   0.00,   0.04,   0.00,   0.07,   0.44,   1,   1,   0,   0,   0,   0,   0,   0,   0,   0,   0,   0,   0,   0,   0,   0,   0,   0,   0,   0,   0,   0
528,2023-04-18 08:49:00,   0.00,   0.04,   0.00,   0.01,   0.00,   0.04,   0.00,   0.07,   0.44,   1,   1,   0,   0,   0,   0,   0,   0,   0,   0,   0,   0,   0,   0,   0,   0,   0,   0,   0,   0,   0,   0
529,2023-04-18 08:50:00,   0.00,   0.04,   0.00,   0.01,   0.00,   0.04,   0.00,   0.07,   0.44,   1,   1,   0,   0,   0,   0,   0,   0,   0,   0,   0,   0,   0,   0,   0,   0,   0,   0,   0,   0,   0,   0
530,2023-04-18 08:51:00,   0.00,   0.04,   0.00,   0.01,   0.00,   0.04,   0.00,   0.07,   0.45,   1,   1,   0,   0,   0,   0,   0,   0,   0,   0,   0,   0,   0,   0,   0,   0,   0,   0,   0,   0,   0,   0
531,2023-04-18 08:52:00,   0.00,   0.04,   0.00,   0.01,   0.00,   0.04,   0.00,   0.07,   0.45,   1,   1,   0,   0,   0,   0,   0,   0,   0,   0,   0,   0,   0,   0,   0,   0,   0,   0,   0,   0,   0,   0
532,2023-04-18 08:53:00,   0.00,   0.04,   0.00,   0.01,   0.00,   0.04,   0.00,   0.07,   0.45,   1,   1,   0,   0,   0,   0,   0,   0,   0,   0,   0,   0,   0,   0,   0,   0,   0,   0,   0,   0,   0,   0
533,2023-04-18 08:54:00,   0.00,   1.06,   0.00,   0.01,   0.00,   0.19,   0.85,   0.07,   0.45,   1,   1,   0,   0,   0,   0,   0,   0,   0,   0,   0,   0,   0,   0,   0,   0,   0,   0,   0,   0,   0,   0
534,2023-04-18 08:55:00,   0.00,   0.07,   0.00,   0.01,   0.00,   0.04,   0.00,   0.07,   0.45,   1,   1,   0,   0,   0,   0,   0,   0,   0,   0,   0,   0,   0,   0,   0,   0,   0,   0,   0,   0,   0,   0
535,2023-04-18 08:56:00,   0.00,   0.07,   0.00,   0.01,   0.00,   0.04,   0.00,   0.07,   0.45,   1,   1,   0,   0,   0,   0,   0,   0,   0,   0,   0,   0,   0,   0,   0,   0,   0,   0,   0,   0,   0,   0
536,2023-04-18 08:57:00,   0.00,   0.07,   0.00,   0.01,   0.00,   0.04,   0.01,   0.07,   0.45,   1,   1,   0,   0,   0,   0,   0,   0,   0,   0,   0,   0,   0,   0,   0,   0,   0,   0,   0,   0,   0,   0
537,2023-04-18 08:58:00,   0.00,   0.06,   0.00,   0.01,   0.00,   0.04,   0.01,   0.07,   0.45,   1,   1,   0,   0,   0,   0,   0,   0,   0,   0,   0,   0,   0,   0,   0,   0,   0,   0,   0,   0,   0,   0
538,2023-04-18 08:59:00,   0.00,   0.06,   0.00,   0.01,   0.00,   0.03,   0.01,   0.07,   0.45,   1,   1,   0,   0,   0,   0,   0,   0,   0,   0,   0,   0,   0,   0,   0,   0,   0,   0,   0,   0,   0,   0
539,2023-04-18 09:00:00,   0.00,   0.06,   0.00,   0.01,   0.00,   0.03,   0.01,   0.07,   0.45,   1,   1,   0,   0,   0,   0,   0,   0,   0,   0,   0,   0,   0,   0,   0,   0,   0,   0,   0,   0,   0,   0
540,2023-04-18 09:01:00,   0.00,   0.06,   0.00,   0.01,   0.00,   0.03,   0.01,   0.07,   0.45,   1,   1,   0,   0,   0,   0,   0,   0,   0,   0,   0,   0,   0,   0,   0,   0,   0,   0,   0,   0,   0,   0
541,2023-04-18 09:02:00,   0.00,   0.06,   0.00,   0.01,   0.00,   0.03,   0.01,   0.07,   0.45,   1,   1,   0,   0,   0,   0,   0,   1,   0,   0,   0,   0,   0,   0,   0,   0,   0,   0,   0,   0,   0,   0
542,2023-04-18 09:03:00,   0.00,   0.06,   0.00,   0.01,   0.00,   0.03,   0.01,   0.07,   0.45,   1,   1,   0,   0,   0,   0,   0,   1,   0,   0,   0,   0,   0,   0,   0,   0,   0,   0,   0,   0,   0,   0
543,2023-04-18 09:04:00,   0.00,   0.06,   0.00,   0.01,   0.00,   0.02,   0.02,   0.07,   0.45,   1,   1,   0,   0,   0,   0,   0,   1,   0,   0,   0,   0,   0,   0,   0,   0,   0,   0,   0,   0,   0,   0
544,2023-04-18 09:05:00,   0.00,   0.05,   0.00,   0.01,   0.00,   0.02,   0.02,   0.07,   0.45,   1,   1,   0,   0,   0,   0,   0,   1,   0,   0,   0,   0,   0,   0,   0,   0,   0,   0,   0,   0,   0,   0
545,2023-04-18 09:06:00,   0.00,   0.05,   0.00,   0.01,   0.00,   0.02,   0.02,   0.07,   0.45,   1,   1,   0,   0,   0,   0,   0,   1,   0,   0,   0,   0,   0,   0,   0,   0,   0,   0,   0,   0,   0,   0
546,2023-04-18 09:07:00,   0.00,   0.05,   0.00,   0.01,   0.00,   0.02,   0.02,   0.07,   0.45,   1,   1,   0,   0,   0,   0,   0,   1,   0,   0,   0,   0,   0,   0,   0,   0,   0,   0,   0,   0,   0,   0
547,2023-04-18 09:08:00,   0.00,   0.05,   0.00,   0.01,   0.00,   0.02,   0.02,   0.07,   0.45,   1,   1,   0,   0,   0,   0,   0,   1,   0,   0,   0,   0,   0,   0,   0,   0,   0,   0,   0,   0,   0,   0
548,2023-04-18 09:09:00,   0.00,   0.05,   0.00,   0.01,   0.00,   0.01,   0.02,   0.07,   0.45,   1,   1,   0,   0,   0,   0,   0,   1,   0,   0,   0,   0,   0,   0,   0,   0,   0,   0,   0,   0,   0,   0
549,2023-04-18 09:10:00,   0.00,   0.05,   0.00,   0.01,   0.00,   0.01,   0.02,   0.07,   0.45,   1,   1,   0,   0,   0,   0,   0,   1,   0,   0,   0,   0,   0,   0,   0,   0,   0,   0,   0,   0,   0,   0
550,2023-04-18 09:11:00,   0.00,   0.05,   0.00,   0.01,   0.00,   0.01,   0.03,   0.07,   0.45,   1,   1,   0,   0,   0,   0,   0,   1,   0,   0,   0,   0,   0,   0,   0,   0,   0,   0,   0,   0,   0,   0
551,2023-04-18 09:12:00,   0.00,   0.04,   0.00,   0.01,   0.00,   0.01,   0.03,   0.07,   0.45,   1,   1,   0,   0,   0,   0,   0,   1,   0,   0,   0,   0,   0,   0,   0,   0,   0,   0,   0,   0,   0,   0
552,2023-04-18 09:13:00,   0.00,   0.04,   0.00,   0.01,   0.00,   0.01,   0.03,   0.07,   0.45,   1,   1,   0,   0,   0,   0,   0,   1,   0,   0,   0,   0,   0,   0,   0,   0,   0,   0,   0,   0,   0,   0
553,2023-04-18 09:14:00,   0.00,   0.04,   0.00,   0.01,   0.00,   0.00,   0.03,   0.07,   0.45,   1,   1,   0,   0,   0,   0,   0,   1,   0,   0,   0,   0,   0,   0,   0,   0,   0,   0,   0,   0,   0,   0
554,2023-04-18 09:15:00,   0.00,   0.04,   0.00,   0.01,   0.00,   0.00,   0.03,   0.07,   0.45,   1,   1,   0,   0,   0,   0,   0,   1,   0,   0,   0,   0,   0,   0,   0,   0,   0,   0,   0,   0,   0,   0
555,2023-04-18 09:16:00,   0.00,   0.04,   0.00,   0.01,   0.00,   0.00,   0.03,   0.07,   0.45,   1,   1,   0,   0,   0,   0,   0,   1,   0,   0,   0,   0,   0,   0,   0,   0,   0,   0,   0,   0,   0,   0
556,2023-04-18 09:17:00,   0.00,   0.04,   0.00,   0.01,   0.00,  -0.00,   0.03,   0.07,   0.45,   1,   1,   0,   0,   0,   0,   0,   1,   0,   0,   0,   0,   0,   0,   0,   0,   0,   0,   0,   0,   0,   0
557,2023-04-18 09:18:00,   0.00,   0.03,   0.00,   0.01,   0.00,  -0.00,   0.04,   0.07,   0.45,   1,   1,   0,   0,   0,   0,   0,   1,   0,   0,   0,   0,   0,   0,   0,   0,   0,   0,   0,   0,   0,   0
558,2023-04-18 09:19:00,   0.00,   0.03,   0.00,   0.01,   0.00,  -0.00,   0.04,   0.07,   0.45,   1,   1,   0,   0,   0,   0,   0,   1,   0,   0,   0,   0,   0,   0,   0,   0,   0,   0,   0,   0,   0,   0
559,2023-04-18 09:20:00,   0.00,   0.03,   0.00,   0.01,   0.00,  -0.01,   0.04,   0.07,   0.45,   1,   1,   0,   0,   0,   0,   0,   0,   0,   0,   0,   0,   0,   0,   0,   0,   0,   0,   0,   0,   0,   0
560,2023-04-18 09:21:00,   0.00,   4.32,   0.00,   0.01,   0.00,   0.12,   4.18,   0.07,   0.45,   1,   1,   0,   1,   0,   0,   0,   0,   0,   0,   0,   0,   0,   0,   0,   0,   0,   0,   0,   0,   0,   0
561,2023-04-18 09:22:00,   0.00,   4.27,   0.00,   0.01,   0.00,   0.12,   4.15,   0.07,   0.45,   1,   1,   0,   1,   0,   0,   0,   0,   0,   0,   0,   0,   0,   0,   0,   0,   0,   0,   0,   0,   0,   0
562,2023-04-18 09:23:00,   0.00,   4.09,   0.00,   0.01,   0.00,   0.12,   3.98,   0.07,   0.45,   1,   1,   0,   1,   0,   0,   0,   0,   0,   0,   0,   0,   0,   0,   0,   0,   0,   0,   0,   0,   0,   0
563,2023-04-18 09:24:00,   0.00,   4.32,   0.00,   0.01,   0.00,   0.12,   4.23,   1.89,   0.45,   1,   1,   0,   1,   0,   0,   0,   0,   0,   0,   0,   0,   0,   0,   0,   0,   0,   0,   0,   0,   0,   0
564,2023-04-18 09:25:00,   0.00,   4.28,   0.00,   0.01,   0.00,   0.12,   4.23,   0.07,   0.45,   1,   1,   0,   1,   0,   0,   0,   0,   0,   0,   0,   0,   0,   0,   0,   0,   0,   0,   0,   0,   0,   0
565,2023-04-18 09:26:00,   0.00,   4.25,   0.00,   0.01,   0.00,   0.12,   4.01,   0.07,   0.45,   1,   1,   0,   1,   0,   0,   0,   0,   0,   0,   0,   0,   0,   0,   0,   0,   0,   0,   0,   0,   0,   0
566,2023-04-18 09:27:00,   0.00,   4.31,   0.00,   0.01,   0.00,   0.12,   4.17,   0.07,   0.45,   1,   1,   0,   1,   0,   0,   0,   0,   0,   0,   0,   0,   0,   0,   0,   0,   0,   0,   0,   0,   0,   0
567,2023-04-18 09:28:00,   0.00,   4.31,   0.00,   0.01,   0.00,   0.12,   4.18,   2.27,   0.45,   1,   1,   0,   1,   0,   0,   0,   0,   0,   0,   0,   0,   0,   0,   0,   0,   0,   0,   0,   0,   0,   0
568,2023-04-18 09:29:00,   0.00,   4.30,   0.00,   0.01,   0.00,   0.11,   4.16,   0.07,   0.45,   1,   1,   0,   1,   0,   0,   0,   0,   0,   0,   0,   0,   0,   0,   0,   0,   0,   0,   0,   0,   0,   0
569,2023-04-18 09:30:00,   0.00,   4.30,   0.00,   0.01,   0.00,   0.11,   4.14,   0.07,   0.46,   1,   1,   0,   1,   0,   0,   0,   0,   0,   0,   0,   0,   0,   0,   0,   0,   0,   0,   0,   0,   0,   0
570,2023-04-18 09:31:00,   0.00,   4.29,   0.00,   0.01,   0.00,   0.11,   4.12,   3.11,   0.46,   1,   1,   0,   1,   0,   0,   0,   0,   0,   0,   0,   0,   0,   0,   0,   0,   0,   0,   0,   0,   0,   0
571,2023-04-18 09:32:00,   0.00,   4.28,   0.00,   0.01,   0.00,   0.11,   4.10,   0.07,   0.46,   1,   1,   0,   0,   0,   0,   0,   0,   0,   0,   0,   0,   0,   0,   0,   0,   0,   0,   0,   0,   0,   0
572,2023-04-18 09:33:00,   0.00,   3.61,   0.00,   0.01,   0.00,   0.11,   3.50,   0.07,   0.46,   1,   1,   0,   0,   0,   0,   0,   0,   0,   0,   0,   0,   0,   0,   0,   0,   0,   0,   0,   0,   0,   0
573,2023-04-18 09:34:00,   0.00,   3.09,   0.00,   0.01,   0.00,   0.11,   2.97,   0.07,   0.46,   1,   1,   0,   0,   0,   0,   0,   0,   0,   0,   0,   0,   0,   0,   0,   0,   0,   0,   0,   0,   0,   0
574,2023-04-18 09:35:00,   0.00,   2.65,   0.00,   0.01,   0.00,   0.11,   2.55,   0.07,   0.46,   1,   1,   0,   0,   0,   0,   0,   0,   0,   0,   0,   0,   0,   0,   0,   0,   0,   0,   0,   0,   0,   0
575,2023-04-18 09:36:00,   0.00,   4.21,   0.00,   0.01,   0.00,   0.16,   4.09,   0.07,   0.46,   1,   1,   0,   1,   0,   0,   0,   0,   0,   0,   0,   0,   0,   0,   0,   0,   0,   0,   0,   0,   0,   0
576,2023-04-18 09:37:00,   0.00,   3.72,   0.00,   0.01,   0.00,   0.16,   3.59,   0.07,   0.46,   1,   1,   0,   0,   0,   0,   0,   0,   0,   0,   0,   0,   0,   0,   0,   0,   0,   0,   0,   0,   0,   0
577,2023-04-18 09:38:00,   0.00,   4.26,   0.00,   0.01,   0.00,   0.15,   4.08,   0.07,   0.46,   1,   1,   0,   0,   0,   0,   0,   0,   0,   0,   0,   0,   0,   0,   0,   0,   0,   0,   0,   0,   0,   0
578,2023-04-18 09:39:00,   0.00,   4.02,   0.00,   0.01,   0.00,   0.15,   3.84,   0.07,   0.46,   1,   1,   0,   0,   0,   0,   0,   0,   0,   0,   0,   0,   0,   0,   0,   0,   0,   0,   0,   0,   0,   0
579,2023-04-18 09:40:00,   0.00,   4.28,   0.00,   0.01,   0.00,   0.14,   4.19,   0.07,   0.46,   1,   1,   0,   1,   0,   0,   0,   0,   0,   0,   0,   0,   0,   0,   0,   0,   0,   0,   0,   0,   0,   0
580,2023-04-18 09:41:00,   0.00,   4.10,   0.00,   0.01,   0.00,   0.14,   4.01,   0.07,   0.46,   1,   1,   0,   1,   0,   0,   0,   0,   0,   0,   0,   0,   0,   0,   0,   0,   0,   0,   0,   0,   0,   0
581,2023-04-18 09:42:00,   0.00,   3.54,   0.00,   0.01,   0.00,   0.13,   3.45,   0.07,   0.46,   1,   1,   0,   0,   0,   0,   0,   0,   0,   0,   0,   0,   0,   0,   0,   0,   0,   0,   0,   0,   0,   0
582,2023-04-18 09:43:00,   0.00,   3.05,   0.00,   0.01,   0.00,   0.13,   2.94,   0.07,   0.46,   1,   1,   0,   0,   0,   0,   0,   0,   0,   0,   0,   0,   0,   0,   0,   0,   0,   0,   0,   0,   0,   0
583,2023-04-18 09:44:00,   0.00,   2.59,   0.00,   0.01,   0.00,   0.12,   2.49,   0.07,   0.46,   1,   1,   0,   0,   0,   0,   0,   0,   0,   0,   0,   0,   0,   0,   0,   0,   0,   0,   0,   0,   0,   0
584,2023-04-18 09:45:00,   0.00,   2.19,   0.00,   0.01,   0.00,   0.12,   2.12,   0.07,   0.46,   1,   1,   0,   0,   0,   0,   0,   0,   0,   0,   0,   0,   0,   0,   0,   0,   0,   0,   0,   0,   0,   0
585,2023-04-18 09:46:00,   0.00,   1.83,   0.00,   0.01,   0.00,   0.11,   1.83,   0.07,   0.46,   1,   1,   0,   0,   0,   0,   0,   0,   0,   0,   0,   0,   0,   0,   0,   0,   0,   0,   0,   0,   0,   0
586,2023-04-18 09:47:00,   0.00,   0.31,   0.00,   0.01,   0.00,   0.15,   0.21,   0.07,   0.46,   1,   1,   0,   0,   0,   0,   0,   0,   0,   0,   0,   0,   0,   0,   0,   0,   0,   0,   0,   0,   0,   0
587,2023-04-18 09:48:00,   0.00,   0.32,   0.00,   0.01,   0.00,   0.16,   0.26,   0.07,   0.46,   1,   1,   0,   0,   0,   0,   0,   0,   0,   0,   0,   0,   0,   0,   0,   0,   0,   0,   0,   0,   0,   0
588,2023-04-18 09:49:00,   0.00,   3.84,   0.00,   0.01,   0.00,   3.59,   0.23,  20.78,   0.46,   1,   1,   0,   1,   0,   0,   0,   0,   0,   0,   0,   0,   0,   0,   0,   0,   0,   0,   0,   0,   0,   0
589,2023-04-18 09:50:00,   0.00,   4.13,   0.00,   0.01,   0.00,   3.98,   0.19,   5.09,   0.46,   1,   1,   0,   1,   0,   0,   0,   0,   0,   0,   0,   0,   0,   0,   0,   0,   0,   0,   0,   0,   0,   0
590,2023-04-18 09:51:00,   0.00,   4.16,   0.00,   0.01,   0.00,   4.04,   0.18,   3.35,   0.46,   1,   1,   0,   1,   0,   0,   0,   0,   0,   0,   0,   0,   0,   0,   0,   0,   0,   0,   0,   0,   0,   0
591,2023-04-18 09:52:00,   0.00,   4.19,   0.00,   0.01,   0.00,   4.05,   0.17,   0.07,   0.46,   1,   1,   0,   1,   0,   0,   0,   0,   0,   0,   0,   0,   0,   0,   0,   0,   0,   0,   0,   0,   0,   0
592,2023-04-18 09:53:00,   0.00,   4.21,   0.00,   0.01,   0.00,   4.06,   0.16,   0.07,   0.46,   1,   1,   0,   1,   0,   0,   0,   0,   0,   0,   0,   0,   0,   0,   0,   0,   0,   0,   0,   0,   0,   0
593,2023-04-18 09:54:00,   0.00,   4.22,   0.00,   0.01,   0.00,   4.07,   0.15,   0.07,   0.46,   1,   1,   0,   1,   0,   0,   0,   0,   0,   0,   0,   0,   0,   0,   0,   0,   0,   0,   0,   0,   0,   0
594,2023-04-18 09:55:00,   0.00,   4.36,   0.00,   0.01,   0.00,   0.13,   4.24,   0.07,   0.46,   1,   1,   0,   1,   0,   0,   0,   0,   0,   0,   0,   0,   0,   0,   0,   0,   0,   0,   0,   0,   0,   0
595,2023-04-18 09:56:00,   0.00,   4.37,   0.00,   0.01,   0.00,   0.13,   4.24,   0.07,   0.46,   1,   1,   0,   1,   0,   0,   0,   0,   0,   0,   0,   0,   0,   0,   0,   0,   0,   0,   0,   0,   0,   0
596,2023-04-18 09:57:00,   0.00,   4.38,   0.00,   0.01,   0.00,   0.13,   4.25,   0.07,   0.46,   1,   1,   0,   1,   0,   0,   0,   0,   0,   0,   0,   0,   0,   0,   0,   0,   0,   0,   0,   0,   0,   0
597,2023-04-18 09:58:00,   0.00,   4.38,   0.00,   0.01,   0.00,   0.13,   4.26,   0.07,   0.46,   1,   1,   0,   1,   0,   0,   0,   0,   0,   0,   0,   0,   0,   0,   0,   0,   0,   0,   0,   0,   0,   0
598,2023-04-18 09:59:00,   0.00,   4.39,   0.00,   0.01,   0.00,   0.12,   4.27,   0.07,   0.46,   1,   1,   0,   1,   0,   0,   0,   0,   0,   0,   0,   0,   0,   0,   0,   0,   0,   0,   0,   0,   0,   0
599,2023-04-18 10:00:00,   0.00,   4.39,   0.00,   0.01,   0.00,   0.12,   4.27,   0.07,   0.46,   1,   1,   0,   1,   0,   0,   0,   0,   0,   0,   0,   0,   0,   0,   0,   0,   0,   0,   0,   0,   0,   0
600,2023-04-18 10:01:00,   0.00,   1.75,   0.00,   0.01,   0.00,   0.88,   0.87,  72.43,   0.46,   1,   1,   0,   1,   0,   0,   0,   0,   0,   0,   0,   0,   0,   0,   0,   0,   0,   0,   0,   0,   0,   0
601,2023-04-18 10:02:00,   0.00,   4.27,   0.00,   0.01,   0.00,   0.13,   4.13,   0.07,   0.46,   1,   1,   0,   1,   0,   0,   0,   0,   0,   0,   0,   0,   0,   0,   0,   0,   0,   0,   0,   0,   0,   0
602,2023-04-18 10:03:00,   0.00,   1.55,   0.00,   0.01,   0.00,   0.87,   0.68,  71.17,   0.46,   1,   1,   0,   1,   0,   0,   0,   0,   0,   0,   0,   0,   0,   0,   0,   0,   0,   0,   0,   0,   0,   0
603,2023-04-18 10:04:00,   0.00,   4.22,   0.00,   0.01,   0.00,   0.21,   4.10,   0.07,   0.46,   1,   1,   0,   1,   0,   0,   0,   0,   0,   0,   0,   0,   0,   0,   0,   0,   0,   0,   0,   0,   0,   0
604,2023-04-18 10:05:00,   0.00,   4.31,   0.00,   0.01,   0.00,   0.20,   4.20,   0.07,   0.46,   1,   1,   0,   1,   0,   0,   0,   0,   0,   0,   0,   0,   0,   0,   0,   0,   0,   0,   0,   0,   0,   0
605,2023-04-18 10:06:00,   0.00,   4.32,   0.00,   0.01,   0.00,   0.20,   4.20,   0.07,   0.46,   1,   1,   0,   1,   0,   0,   0,   0,   0,   0,   0,   0,   0,   0,   0,   0,   0,   0,   0,   0,   0,   0
606,2023-04-18 10:07:00,   0.00,   4.35,   0.00,   0.01,   0.00,   0.20,   4.24,   0.07,   0.46,   1,   1,   0,   1,   0,   0,   0,   0,   0,   0,   0,   0,   0,   0,   0,   0,   0,   0,   0,   0,   0,   0
607,2023-04-18 10:08:00,   0.00,   4.30,   0.00,   0.01,   0.00,   0.20,   4.18,   0.07,   0.46,   1,   1,   0,   1,   0,   0,   0,   0,   0,   0,   0,   0,   0,   0,   0,   0,   0,   0,   0,   0,   0,   0
608,2023-04-18 10:09:00,   0.00,   4.21,   0.00,   0.01,   0.00,   0.19,   4.09,   0.07,   0.46,   1,   1,   0,   1,   0,   0,   0,   0,   0,   0,   0,   0,   0,   0,   0,   0,   0,   0,   0,   0,   0,   0
609,2023-04-18 10:10:00,   0.00,   4.36,   0.00,   0.01,   0.00,   0.19,   4.22,   0.07,   0.46,   1,   1,   0,   1,   0,   0,   0,   0,   0,   0,   0,   0,   0,   0,   0,   0,   0,   0,   0,   0,   0,   0
610,2023-04-18 10:11:00,   0.00,   4.36,   0.00,   0.01,   0.00,   0.19,   4.24,   0.07,   0.46,   1,   1,   0,   1,   0,   0,   0,   0,   0,   0,   0,   0,   0,   0,   0,   0,   0,   0,   0,   0,   0,   0
611,2023-04-18 10:12:00,   0.00,   4.39,   0.00,   0.01,   0.00,   0.19,   4.26,   0.07,   0.46,   1,   1,   0,   1,   0,   0,   0,   0,   0,   0,   0,   0,   0,   0,   0,   0,   0,   0,   0,   0,   0,   0
612,2023-04-18 10:13:00,   0.00,   4.30,   0.00,   0.01,   0.00,   0.18,   4.17,   0.07,   0.47,   1,   1,   0,   1,   0,   0,   0,   0,   0,   0,   0,   0,   0,   0,   0,   0,   0,   0,   0,   0,   0,   0
613,2023-04-18 10:14:00,   0.00,   4.28,   0.00,   0.01,   0.00,   0.18,   4.16,   0.07,   0.47,   1,   1,   0,   1,   0,   0,   0,   0,   0,   0,   0,   0,   0,   0,   0,   0,   0,   0,   0,   0,   0,   0
614,2023-04-18 10:15:00,   0.00,   4.28,   0.00,   0.01,   0.00,   0.18,   4.16,   0.07,   0.47,   1,   1,   0,   1,   0,   0,   0,   0,   0,   0,   0,   0,   0,   0,   0,   0,   0,   0,   0,   0,   0,   0
615,2023-04-18 10:16:00,   0.00,   4.34,   0.00,   0.01,   0.00,   0.18,   4.22,   0.07,   0.47,   1,   1,   0,   1,   0,   0,   0,   0,   0,   0,   0,   0,   0,   0,   0,   0,   0,   0,   0,   0,   0,   0
616,2023-04-18 10:17:00,   0.00,   4.35,   0.00,   0.01,   0.00,   0.17,   4.22,   0.07,   0.47,   1,   1,   0,   1,   0,   0,   0,   0,   0,   0,   0,   0,   0,   0,   0,   0,   0,   0,   0,   0,   0,   0
617,2023-04-18 10:18:00,   0.00,   4.30,   0.00,   0.01,   0.00,   0.17,   4.18,   0.07,   0.47,   1,   1,   0,   1,   0,   0,   0,   0,   0,   0,   0,   0,   0,   0,   0,   0,   0,   0,   0,   0,   0,   0
618,2023-04-18 10:19:00,   0.00,   4.31,   0.00,   0.01,   0.00,   0.17,   4.20,   0.07,   0.47,   1,   1,   0,   1,   0,   0,   0,   0,   0,   0,   0,   0,   0,   0,   0,   0,   0,   0,   0,   0,   0,   0
619,2023-04-18 10:20:00,   0.00,   4.35,   0.00,   0.01,   0.00,   0.17,   4.23,   0.07,   0.47,   1,   1,   0,   1,   0,   0,   0,   0,   0,   0,   0,   0,   0,   0,   0,   0,   0,   0,   0,   0,   0,   0
620,2023-04-18 10:21:00,   0.00,   4.33,   0.00,   0.01,   0.00,   0.16,   4.21,   0.07,   0.47,   1,   1,   0,   1,   0,   0,   0,   0,   0,   0,   0,   0,   0,   0,   0,   0,   0,   0,   0,   0,   0,   0
621,2023-04-18 10:22:00,   0.00,   4.34,   0.00,   0.01,   0.00,   0.16,   4.20,   0.07,   0.47,   1,   1,   0,   1,   0,   0,   0,   0,   0,   0,   0,   0,   0,   0,   0,   0,   0,   0,   0,   0,   0,   0
622,2023-04-18 10:23:00,   0.00,   4.32,   0.00,   0.01,   0.00,   0.16,   4.19,   0.07,   0.47,   1,   1,   0,   1,   0,   0,   0,   0,   0,   0,   0,   0,   0,   0,   0,   0,   0,   0,   0,   0,   0,   0
623,2023-04-18 10:24:00,   0.00,   4.28,   0.00,   0.01,   0.00,   0.16,   4.16,   0.07,   0.47,   1,   1,   0,   1,   0,   0,   0,   0,   0,   0,   0,   0,   0,   0,   0,   0,   0,   0,   0,   0,   0,   0
624,2023-04-18 10:25:00,   0.00,   4.27,   0.00,   0.01,   0.00,   0.15,   4.15,   0.07,   0.47,   1,   1,   0,   1,   0,   0,   0,   0,   0,   0,   0,   0,   0,   0,   0,   0,   0,   0,   0,   0,   0,   0
625,2023-04-18 10:26:00,   0.00,   4.32,   0.00,   0.01,   0.00,   0.15,   4.20,   0.07,   0.47,   1,   1,   0,   1,   0,   0,   0,   0,   0,   0,   0,   0,   0,   0,   0,   0,   0,   0,   0,   0,   0,   0
626,2023-04-18 10:27:00,   0.00,   4.39,   0.00,   0.01,   0.00,   0.15,   4.27,   0.07,   0.47,   1,   1,   0,   1,   0,   0,   0,   0,   0,   0,   0,   0,   0,   0,   0,   0,   0,   0,   0,   0,   0,   0
627,2023-04-18 10:28:00,   0.00,   4.25,   0.00,   0.01,   0.00,   0.15,   4.13,   0.07,   0.47,   1,   1,   0,   1,   0,   0,   0,   0,   0,   0,   0,   0,   0,   0,   0,   0,   0,   0,   0,   0,   0,   0
628,2023-04-18 10:29:00,   0.00,   4.27,   0.00,   0.01,   0.00,   0.14,   4.15,   0.07,   0.47,   1,   1,   0,   1,   0,   0,   0,   0,   0,   0,   0,   0,   0,   0,   0,   0,   0,   0,   0,   0,   0,   0
629,2023-04-18 10:30:00,   0.00,   4.39,   0.00,   0.01,   0.00,   0.14,   4.27,   0.07,   0.47,   1,   1,   0,   1,   0,   0,   0,   0,   0,   0,   0,   0,   0,   0,   0,   0,   0,   0,   0,   0,   0,   0
630,2023-04-18 10:31:00,   0.00,   4.33,   0.00,   0.01,   0.00,   0.14,   4.21,   0.07,   0.47,   1,   1,   0,   1,   0,   0,   0,   0,   0,   0,   0,   0,   0,   0,   0,   0,   0,   0,   0,   0,   0,   0
631,2023-04-18 10:32:00,   0.00,   4.30,   0.00,   0.01,   0.00,   0.14,   4.26,   0.07,   0.47,   1,   1,   0,   1,   0,   0,   0,   0,   0,   0,   0,   0,   0,   0,   0,   0,   0,   0,   0,   0,   0,   0
632,2023-04-18 10:33:00,   0.00,   4.27,   0.00,   0.01,   0.00,   0.13,   4.15,   0.07,   0.47,   1,   1,   0,   1,   0,   0,   0,   0,   0,   0,   0,   0,   0,   0,   0,   0,   0,   0,   0,   0,   0,   0
633,2023-04-18 10:34:00,   0.00,   2.84,   0.00,   0.01,   0.00,   0.13,   2.71,   0.07,   0.47,   1,   1,   0,   0,   0,   0,   0,   0,   0,   0,   0,   0,   0,   0,   0,   0,   0,   0,   0,   0,   0,   0
634,2023-04-18 10:35:00,   0.00,   1.43,   0.00,   0.01,   0.00,   0.13,   1.31,   0.07,   0.47,   1,   1,   0,   0,   0,   0,   0,   0,   0,   0,   0,   0,   0,   0,   0,   0,   0,   0,   0,   0,   0,   0
635,2023-04-18 10:36:00,   0.00,   0.88,   0.00,   0.01,   0.00,   0.13,   0.76,   0.07,   0.47,   1,   1,   0,   0,   0,   0,   0,   0,   0,   0,   0,   0,   0,   0,   0,   0,   0,   0,   0,   0,   0,   0
636,2023-04-18 10:37:00,   0.00,   0.60,   0.00,   0.01,   0.00,   0.12,   0.47,   0.07,   0.47,   1,   1,   0,   0,   0,   0,   0,   0,   0,   0,   0,   0,   0,   0,   0,   0,   0,   0,   0,   0,   0,   0
637,2023-04-18 10:38:00,   0.00,   0.44,   0.00,   0.01,   0.00,   0.12,   0.32,   0.07,   0.47,   1,   1,   0,   0,   0,   0,   0,   0,   0,   0,   0,   0,   0,   0,   0,   0,   0,   0,   0,   0,   0,   0
638,2023-04-18 10:39:00,   0.00,   0.31,   0.00,   0.01,   0.00,   0.12,   0.19,   0.07,   0.47,   1,   1,   0,   0,   0,   0,   0,   0,   0,   0,   0,   0,   0,   0,   0,   0,   0,   0,   0,   0,   0,   0
639,2023-04-18 10:40:00,   0.00,   0.24,   0.00,   0.01,   0.00,   0.11,   0.13,   0.07,   0.47,   1,   1,   0,   0,   0,   0,   0,   0,   0,   0,   0,   0,   0,   0,   0,   0,   0,   0,   0,   0,   0,   0
640,2023-04-18 10:41:00,   0.00,   0.17,   0.00,   0.01,   0.00,   0.11,   0.07,   0.07,   0.47,   1,   1,   0,   0,   0,   0,   0,   0,   0,   0,   0,   0,   0,   0,   0,   0,   0,   0,   0,   0,   0,   0
641,2023-04-18 10:42:00,   0.00,   0.11,   0.00,   0.01,   0.00,   0.11,   0.00,   0.07,   0.47,   1,   1,   0,   0,   0,   0,   0,   0,   0,   0,   0,   0,   0,   0,   0,   0,   0,   0,   0,   0,   0,   0
642,2023-04-18 10:43:00,   0.00,   0.09,   0.00,   0.01,   0.00,   0.10,   0.00,   0.07,   0.47,   1,   1,   0,   0,   0,   0,   0,   0,   0,   0,   0,   0,   0,   0,   0,   0,   0,   0,   0,   0,   0,   0
643,2023-04-18 10:44:00,   0.00,   0.07,   0.00,   0.01,   0.00,   0.08,   0.00,   0.07,   0.47,   1,   1,   0,   0,   0,   0,   0,   0,   0,   0,   0,   0,   0,   0,   0,   0,   0,   0,   0,   0,   0,   0
644,2023-04-18 10:45:00,   0.00,   0.06,   0.00,   0.01,   0.00,   0.07,   0.00,   0.07,   0.47,   1,   1,   0,   0,   0,   0,   0,   0,   0,   0,   0,   0,   0,   0,   0,   0,   0,   0,   0,   0,   0,   0
645,2023-04-18 10:46:00,   0.00,   0.04,   0.00,   0.01,   0.00,   0.06,   0.00,   0.07,   0.47,   1,   1,   0,   0,   0,   0,   0,   0,   0,   0,   0,   0,   0,   0,   0,   0,   0,   0,   0,   0,   0,   0
646,2023-04-18 10:47:00,   0.00,   0.03,   0.00,   0.01,   0.00,   0.04,   0.00,   0.07,   0.47,   1,   1,   0,   0,   0,   0,   0,   0,   0,   0,   0,   0,   0,   0,   0,   0,   0,   0,   0,   0,   0,   0
647,2023-04-18 10:48:00,   0.00,   0.01,   0.00,   0.01,   0.00,   0.04,   0.00,   0.07,   0.47,   1,   1,   0,   0,   0,   0,   0,   1,   0,   0,   0,   0,   0,   0,   0,   0,   0,   0,   0,   0,   0,   0
648,2023-04-18 10:49:00,   0.00,   0.00,   0.00,   0.01,   0.00,   0.04,   0.00,   0.07,   0.47,   1,   1,   0,   0,   0,   0,   0,   1,   0,   0,   0,   0,   0,   0,   0,   0,   0,   0,   0,   0,   0,   0
649,2023-04-18 10:50:00,   0.00,   0.00,   0.00,   0.01,   0.00,   0.04,   0.00,   0.07,   0.47,   1,   1,   0,   0,   0,   0,   0,   1,   0,   0,   0,   0,   0,   0,   0,   0,   0,   0,   0,   0,   0,   0
650,2023-04-18 10:51:00,   0.00,   0.00,   0.00,   0.02,   0.00,   0.04,   0.00,   0.07,   0.47,   1,   1,   0,   0,   0,   0,   0,   1,   0,   0,   0,   0,   0,   0,   0,   0,   0,   0,   0,   0,   0,   0
651,2023-04-18 10:52:00,   0.00,   0.00,   0.00,   0.02,   0.00,   0.04,   0.00,   0.07,   0.47,   1,   1,   0,   0,   0,   0,   0,   1,   0,   0,   0,   0,   0,   0,   0,   0,   0,   0,   0,   0,   0,   0
652,2023-04-18 10:53:00,   0.00,   0.00,   0.00,   0.02,   0.00,   0.04,   0.00,   0.07,   0.47,   1,   1,   0,   0,   0,   0,   0,   1,   0,   0,   0,   0,   0,   0,   0,   0,   0,   0,   0,   0,   0,   0
653,2023-04-18 10:54:00,   0.00,   0.00,   0.00,   0.02,   0.00,   0.04,   0.00,   0.07,   0.47,   1,   1,   0,   0,   0,   0,   0,   1,   0,   0,   0,   0,   0,   0,   0,   0,   0,   0,   0,   0,   0,   0
654,2023-04-18 10:55:00,   0.00,   0.00,   0.00,   0.02,   0.00,   0.04,   0.00,   0.07,   0.47,   1,   1,   0,   0,   0,   0,   0,   1,   0,   0,   0,   0,   0,   0,   0,   0,   0,   0,   0,   0,   0,   0
655,2023-04-18 10:56:00,   0.00,   0.00,   0.00,   0.02,   0.00,   0.04,   0.00,   0.07,   0.47,   1,   1,   0,   0,   0,   0,   0,   1,   0,   0,   0,   0,   0,   0,   0,   0,   0,   0,   0,   0,   0,   0
656,2023-04-18 10:57:00,   0.00,   0.00,   0.00,   0.02,   0.00,   0.04,   0.00,   0.07,   0.47,   1,   1,   0,   0,   0,   0,   0,   1,   0,   0,   0,   0,   0,   0,   0,   0,   0,   0,   0,   0,   0,   0
657,2023-04-18 10:58:00,   0.00,   0.00,   0.00,   0.02,   0.00,   0.03,   0.00,   0.07,   0.47,   1,   1,   0,   0,   0,   0,   0,   1,   0,   0,   0,   0,   0,   0,   0,   0,   0,   0,   0,   0,   0,   0
658,2023-04-18 10:59:00,   0.00,   0.00,   0.00,   0.02,   0.00,   0.03,   0.00,   0.07,   0.48,   1,   1,   0,   0,   0,   0,   0,   1,   0,   0,   0,   0,   0,   0,   0,   0,   0,   0,   0,   0,   0,   0
659,2023-04-18 11:00:00,   0.00,   0.00,   0.00,   0.02,   0.00,   0.03,   0.00,   0.07,   0.48,   1,   1,   0,   0,   0,   0,   0,   1,   0,   0,   0,   0,   0,   0,   0,   0,   0,   0,   0,   0,   0,   0
660,2023-04-18 11:01:00,   0.00,   0.00,   0.00,   0.02,   0.00,   0.03,   0.00,   0.07,   0.48,   1,   1,   0,   0,   0,   0,   0,   0,   0,   0,   0,   0,   0,   0,   0,   0,   0,   0,   0,   0,   0,   0
661,2023-04-18 11:02:00,   0.00,   0.00,   0.00,   0.02,   0.00,   0.03,   0.00,   0.07,   0.48,   1,   1,   0,   0,   0,   0,   0,   0,   0,   0,   0,   0,   0,   0,   0,   0,   0,   0,   0,   0,   0,   0
662,2023-04-18 11:03:00,   0.00,   0.00,   0.00,   0.02,   0.00,   0.03,   0.00,   0.07,   0.48,   1,   1,   0,   0,   0,   0,   0,   0,   0,   0,   0,   0,   0,   0,   0,   0,   0,   0,   0,   0,   0,   0
663,2023-04-18 11:04:00,   0.00,   0.00,   0.00,   0.02,   0.00,   0.03,   0.00,   0.07,   0.48,   1,   1,   0,   0,   0,   0,   0,   0,   0,   0,   0,   0,   0,   0,   0,   0,   0,   0,   0,   0,   0,   0
664,2023-04-18 11:05:00,   0.00,   0.00,   0.00,   0.02,   0.00,   0.03,   0.00,   0.07,   0.48,   1,   1,   0,   0,   0,   0,   0,   0,   0,   0,   0,   0,   0,   0,   0,   0,   0,   0,   0,   0,   0,   0
665,2023-04-18 11:06:00,   0.00,   0.00,   0.00,   0.02,   0.00,   0.03,   0.00,   0.07,   0.48,   1,   1,   0,   0,   0,   0,   0,   0,   0,   0,   0,   0,   0,   0,   0,   0,   0,   0,   0,   0,   0,   0
666,2023-04-18 11:07:00,   0.00,   0.00,   0.00,   0.02,   0.00,   0.03,   0.00,   0.07,   0.48,   1,   1,   0,   0,   0,   0,   0,   0,   0,   0,   0,   0,   0,   0,   0,   0,   0,   0,   0,   0,   0,   0
667,2023-04-18 11:08:00,   0.00,   0.00,   0.00,   0.02,   0.00,   0.03,   0.00,   0.07,   0.48,   1,   1,   0,   0,   0,   0,   0,   0,   0,   0,   0,   0,   0,   0,   0,   0,   0,   0,   0,   0,   0,   0
668,2023-04-18 11:09:00,   0.00,   0.00,   0.00,   0.02,   0.00,   0.03,   0.00,   0.07,   0.48,   1,   1,   0,   0,   0,   0,   0,   0,   0,   0,   0,   0,   0,   0,   0,   0,   0,   0,   0,   0,   0,   0
669,2023-04-18 11:10:00,   0.00,   0.00,   0.00,   0.02,   0.00,   0.03,   0.00,   0.07,   0.48,   1,   1,   0,   0,   0,   0,   0,   0,   0,   0,   0,   0,   0,   0,   0,   0,   0,   0,   0,   0,   0,   0
670,2023-04-18 11:11:00,   0.00,   0.00,   0.00,   0.03,   0.00,   0.03,   0.00,   0.07,   0.48,   1,   1,   0,   0,   0,   0,   0,   0,   0,   0,   0,   0,   0,   0,   0,   0,   0,   0,   0,   0,   0,   0
671,2023-04-18 11:12:00,   0.00,   0.00,   0.00,   0.03,   0.00,   0.02,   0.00,   0.07,   0.48,   1,   1,   0,   0,   0,   0,   0,   0,   0,   0,   0,   0,   0,   0,   0,   0,   0,   0,   0,   0,   0,   0
672,2023-04-18 11:13:00,   0.00,   0.00,   0.00,   0.03,   0.00,   0.02,   0.00,   0.07,   0.48,   1,   1,   0,   0,   0,   0,   0,   0,   0,   0,   0,   0,   0,   0,   0,   0,   0,   0,   0,   0,   0,   0
673,2023-04-18 11:14:00,   0.00,   0.00,   0.00,   0.03,   0.00,   0.02,   0.00,   0.07,   0.48,   1,   1,   0,   0,   0,   0,   0,   0,   0,   0,   0,   0,   0,   0,   0,   0,   0,   0,   0,   0,   0,   0
674,2023-04-18 11:15:00,   0.00,   0.00,   0.00,   0.03,   0.00,   0.02,   0.00,   0.07,   0.48,   1,   1,   0,   0,   0,   0,   0,   0,   0,   0,   0,   0,   0,   0,   0,   0,   0,   0,   0,   0,   0,   0
675,2023-04-18 11:16:00,   0.00,   0.00,   0.00,   0.03,   0.00,   0.02,   0.00,   0.07,   0.48,   1,   1,   0,   0,   0,   0,   0,   0,   0,   0,   0,   0,   0,   0,   0,   0,   0,   0,   0,   0,   0,   0
676,2023-04-18 11:17:00,   0.00,   0.00,   0.00,   0.03,   0.00,   0.02,   0.00,   0.07,   0.48,   1,   1,   0,   0,   0,   0,   0,   0,   0,   0,   0,   0,   0,   0,   0,   0,   0,   0,   0,   0,   0,   0
677,2023-04-18 11:18:00,   0.00,   0.00,   0.00,   0.03,   0.00,   0.02,   0.00,   0.07,   0.48,   1,   1,   0,   0,   0,   0,   0,   0,   0,   0,   0,   0,   0,   0,   0,   0,   0,   0,   0,   0,   0,   0
678,2023-04-18 11:19:00,   0.00,   0.00,   0.00,   0.03,   0.00,   0.02,   0.00,   0.07,   0.48,   1,   1,   0,   0,   0,   0,   0,   0,   0,   0,   0,   0,   0,   0,   0,   0,   0,   0,   0,   0,   0,   0
679,2023-04-18 11:20:00,   0.00,   0.00,   0.00,   0.03,   0.00,   0.02,   0.00,   0.07,   0.48,   1,   1,   0,   0,   0,   0,   0,   0,   0,   0,   0,   0,   0,   0,   0,   0,   0,   0,   0,   0,   0,   0
680,2023-04-18 11:21:00,   0.00,   0.00,   0.00,   0.03,   0.00,   0.02,   0.00,   0.07,   0.48,   1,   1,   0,   0,   0,   0,   0,   0,   0,   0,   0,   0,   0,   0,   0,   0,   0,   0,   0,   0,   0,   0
681,2023-04-18 11:22:00,   0.00,   0.00,   0.00,   0.03,   0.00,   0.02,   0.00,   0.07,   0.48,   4,   1,   0,   0,   0,   0,   0,   0,   0,   0,   0,   0,   0,   0,   0,   0,   0,   0,   0,   0,   0,   0
682,2023-04-18 11:23:00,   0.00,   0.00,   0.00,   0.03,   0.00,   0.02,   0.00,   0.07,   0.48,   4,   1,   0,   0,   0,   0,   0,   0,   0,   0,   0,   0,   0,   0,   0,   0,   0,   0,   0,   0,   0,   0
683,2023-04-18 11:24:00,   0.00,   0.00,   0.00,   0.03,   0.00,   0.02,   0.00,   0.07,   0.48,   4,   1,   0,   0,   0,   0,   0,   0,   0,   0,   0,   0,   0,   0,   0,   0,   0,   0,   0,   0,   0,   0
684,2023-04-18 11:25:00,   0.00,   0.00,  48.43,   0.03,   0.00,   0.01,   0.00,   0.07,   0.48,   4,   1,   0,   0,   0,   0,   0,   0,   0,   0,   0,   0,   0,   0,   1,   1,   0,   0,   0,   0,   0,   0
685,2023-04-18 11:26:00,   0.00,   0.00, 144.84,   0.03,   0.00,   0.01,   0.00,   0.07,   0.48,   4,   1,   0,   0,   0,   0,   0,   0,   0,   0,   0,   0,   0,   0,   1,   1,   0,   0,   0,   0,   0,   0
686,2023-04-18 11:27:00,   0.00,   0.00, 156.35,   0.03,   0.00,   0.01,   0.00,   0.07,   0.48,   4,   1,   0,   0,   0,   0,   0,   0,   0,   0,   0,   0,   0,   0,   0,   0,   0,   0,   0,   0,   0,   0
687,2023-04-18 11:28:00,   0.00,   0.00, 156.35,   0.03,   0.00,   0.01,   0.00,   0.07,   0.48,   4,   1,   0,   0,   0,   0,   0,   0,   0,   0,   0,   0,   0,   0,   0,   0,   0,   0,   0,   0,   0,   0
688,2023-04-18 11:29:00,   0.00,   0.00, 156.35,   0.03,   0.00,   0.01,   0.00,   0.07,   0.48,   4,   1,   0,   0,   0,   0,   0,   0,   0,   0,   0,   0,   0,   0,   0,   0,   0,   0,   0,   0,   0,   0
689,2023-04-18 11:30:00,   0.00,   0.00, 156.36,   0.03,   0.00,   0.01,   0.00,   0.07,   0.48,   4,   1,   0,   0,   0,   0,   0,   0,   0,   0,   0,   0,   0,   0,   0,   0,   0,   0,   0,   0,   0,   0
690,2023-04-18 11:31:00,   0.00,   0.00, 159.29,   0.03,   0.00,   0.01,   0.00,   0.07,   0.48,   4,   1,   0,   0,   0,   0,   0,   0,   0,   0,   0,   0,   0,   0,   0,   0,   0,   0,   0,   0,   0,   0
691,2023-04-18 11:32:00,   0.00,   0.00, 159.31,   0.04,   0.00,   0.01,   0.00,   0.07,   0.48,   4,   1,   0,   0,   0,   0,   0,   0,   0,   0,   0,   0,   0,   0,   0,   0,   0,   0,   0,   0,   0,   0
692,2023-04-18 11:33:00,   0.00,   0.00, 159.33,   0.04,   0.00,   0.01,   0.00,   0.07,   0.48,   4,   1,   0,   0,   0,   0,   0,   0,   0,   0,   0,   0,   0,   0,   0,   0,   0,   0,   0,   0,   0,   0
693,2023-04-18 11:34:00,   0.00,   0.00, 162.61,   0.04,   0.00,   0.01,   0.00,   0.07,   0.48,   4,   1,   0,   0,   0,   0,   0,   0,   0,   0,   0,   0,   0,   0,   0,   0,   0,   0,   0,   0,   0,   0
694,2023-04-18 11:35:00,   0.00,   0.00, 162.62,   0.04,   0.00,   0.01,   0.00,   0.07,   0.48,   4,   1,   0,   0,   0,   0,   0,   0,   0,   0,   0,   0,   0,   0,   0,   0,   0,   0,   0,   0,   0,   0
695,2023-04-18 11:36:00,   0.00,   0.00, 162.62,   0.04,   0.00,   0.01,   0.00,   0.07,   0.48,   4,   1,   0,   0,   0,   0,   0,   0,   0,   0,   0,   0,   0,   0,   0,   0,   0,   0,   0,   0,   0,   0
696,2023-04-18 11:37:00, 150.03,   0.00, 144.19,   0.33,   1.00,   0.01,   0.00,   0.07,   0.48,   4,   1,   0,   0,   1,   0,   0,   0,   0,   0,   0,   1,   0,   1,   0,   1,   0,   0,   0,   0,   0,   0
697,2023-04-18 11:38:00, 150.18,   0.00, 144.00,   0.33,   1.00,   0.00,   0.00,   0.07,   0.48,   4,   1,   0,   0,   1,   0,   0,   0,   0,   0,   0,   1,   0,   1,   0,   1,   0,   0,   0,   0,   0,   0
698,2023-04-18 11:39:00, 149.66,   0.00, 144.51,   0.33,   1.00,   0.00,   0.00,   0.07,   0.48,   4,   1,   0,   0,   1,   0,   0,   0,   0,   0,   0,   1,   0,   1,   0,   1,   0,   0,   0,   0,   0,   0
699,2023-04-18 11:40:00, 149.83,   0.00, 144.46,   0.32,   1.00,   0.00,   0.00,   0.07,   0.48,   4,   1,   0,   0,   1,   0,   0,   0,   0,   0,   0,   1,   0,   1,   0,   1,   0,   0,   0,   0,   0,   0
700,2023-04-18 11:41:00, 150.16,   0.00, 144.60,   0.32,   1.00,   0.00,   0.00,   0.07,   0.48,   4,   1,   0,   0,   1,   0,   0,   0,   0,   0,   0,   1,   0,   1,   0,   1,   0,   0,   0,   0,   0,   0
701,2023-04-18 11:42:00, 149.61,   0.00, 144.71,   0.32,   1.00,   0.00,   0.00,   0.07,   0.48,   4,   1,   0,   0,   1,   0,   0,   0,   0,   0,   0,   1,   0,   1,   0,   1,   0,   0,   0,   0,   0,   0
702,2023-04-18 11:43:00, 149.96,   0.00, 144.71,   0.31,   0.99,   0.00,   0.00,   0.07,   0.48,   4,   1,   0,   0,   1,   0,   0,   0,   0,   0,   0,   1,   0,   1,   0,   1,   0,   0,   0,   0,   0,   0
703,2023-04-18 11:44:00, 150.66,   0.00, 144.71,   0.31,   0.99,   0.00,   0.00,   0.07,   0.49,   4,   1,   0,   0,   1,   0,   0,   0,   0,   0,   0,   1,   0,   1,   0,   1,   0,   0,   0,   0,   0,   0
704,2023-04-18 11:45:00,,,,,,,,,,,,,,,,,,,,,,,,,,,,,,,
705,2023-04-18 11:46:00,,,,,,,,,,,,,,,,,,,,,,,,,,,,,,,
706,2023-04-18 11:47:00,,,,,,,,,,,,,,,,,,,,,,,,,,,,,,,
707,2023-04-18 11:48:00,,,,,,,,,,,,,,,,,,,,,,,,,,,,,,,
708,2023-04-18 11:49:00,,,,,,,,,,,,,,,,,,,,,,,,,,,,,,,
709,2023-04-18 11:50:00,,,,,,,,,,,,,,,,,,,,,,,,,,,,,,,
710,2023-04-18 11:51:00,,,,,,,,,,,,,,,,,,,,,,,,,,,,,,,
711,2023-04-18 11:52:00,,,,,,,,,,,,,,,,,,,,,,,,,,,,,,,
712,2023-04-18 11:53:00,,,,,,,,,,,,,,,,,,,,,,,,,,,,,,,
713,2023-04-18 11:54:00,,,,,,,,,,,,,,,,,,,,,,,,,,,,,,,
714,2023-04-18 11:55:00,,,,,,,,,,,,,,,,,,,,,,,,,,,,,,,
715,2023-04-18 11:56:00,,,,,,,,,,,,,,,,,,,,,,,,,,,,,,,
716,2023-04-18 11:57:00,,,,,,,,,,,,,,,,,,,,,,,,,,,,,,,
717,2023-04-18 11:58:00,,,,,,,,,,,,,,,,,,,,,,,,,,,,,,,
718,2023-04-18 11:59:00,,,,,,,,,,,,,,,,,,,,,,,,,,,,,,,
719,2023-04-18 12:00:00,,,,,,,,,,,,,,,,,,,,,,,,,,,,,,,
720,2023-04-18 12:01:00,,,,,,,,,,,,,,,,,,,,,,,,,,,,,,,
721,2023-04-18 12:02:00,,,,,,,,,,,,,,,,,,,,,,,,,,,,,,,
722,2023-04-18 12:03:00,,,,,,,,,,,,,,,,,,,,,,,,,,,,,,,
723,2023-04-18 12:04:00,,,,,,,,,,,,,,,,,,,,,,,,,,,,,,,
724,2023-04-18 12:05:00,,,,,,,,,,,,,,,,,,,,,,,,,,,,,,,
725,2023-04-18 12:06:00,,,,,,,,,,,,,,,,,,,,,,,,,,,,,,,
726,2023-04-18 12:07:00,,,,,,,,,,,,,,,,,,,,,,,,,,,,,,,
727,2023-04-18 12:08:00,,,,,,,,,,,,,,,,,,,,,,,,,,,,,,,
728,2023-04-18 12:09:00,,,,,,,,,,,,,,,,,,,,,,,,,,,,,,,
729,2023-04-18 12:10:00,,,,,,,,,,,,,,,,,,,,,,,,,,,,,,,
730,2023-04-18 12:11:00,,,,,,,,,,,,,,,,,,,,,,,,,,,,,,,
731,2023-04-18 12:12:00,,,,,,,,,,,,,,,,,,,,,,,,,,,,,,,
732,2023-04-18 12:13:00,,,,,,,,,,,,,,,,,,,,,,,,,,,,,,,
733,2023-04-18 12:14:00,,,,,,,,,,,,,,,,,,,,,,,,,,,,,,,
734,2023-04-18 12:15:00,,,,,,,,,,,,,,,,,,,,,,,,,,,,,,,
735,2023-04-18 12:16:00,,,,,,,,,,,,,,,,,,,,,,,,,,,,,,,
736,2023-04-18 12:17:00,,,,,,,,,,,,,,,,,,,,,,,,,,,,,,,
737,2023-04-18 12:18:00,,,,,,,,,,,,,,,,,,,,,,,,,,,,,,,
738,2023-04-18 12:19:00,,,,,,,,,,,,,,,,,,,,,,,,,,,,,,,
739,2023-04-18 12:20:00,,,,,,,,,,,,,,,,,,,,,,,,,,,,,,,
740,2023-04-18 12:21:00,,,,,,,,,,,,,,,,,,,,,,,,,,,,,,,
741,2023-04-18 12:22:00,,,,,,,,,,,,,,,,,,,,,,,,,,,,,,,
742,2023-04-18 12:23:00,,,,,,,,,,,,,,,,,,,,,,,,,,,,,,,
743,2023-04-18 12:24:00,,,,,,,,,,,,,,,,,,,,,,,,,,,,,,,
744,2023-04-18 12:25:00,,,,,,,,,,,,,,,,,,,,,,,,,,,,,,,
745,2023-04-18 12:26:00,,,,,,,,,,,,,,,,,,,,,,,,,,,,,,,
746,2023-04-18 12:27:00,,,,,,,,,,,,,,,,,,,,,,,,,,,,,,,
747,2023-04-18 12:28:00,,,,,,,,,,,,,,,,,,,,,,,,,,,,,,,
748,2023-04-18 12:29:00,,,,,,,,,,,,,,,,,,,,,,,,,,,,,,,
749,2023-04-18 12:30:00,,,,,,,,,,,,,,,,,,,,,,,,,,,,,,,
750,2023-04-18 12:31:00,,,,,,,,,,,,,,,,,,,,,,,,,,,,,,,
751,2023-04-18 12:32:00,,,,,,,,,,,,,,,,,,,,,,,,,,,,,,,
752,2023-04-18 12:33:00,,,,,,,,,,,,,,,,,,,,,,,,,,,,,,,
753,2023-04-18 12:34:00,,,,,,,,,,,,,,,,,,,,,,,,,,,,,,,
754,2023-04-18 12:35:00,,,,,,,,,,,,,,,,,,,,,,,,,,,,,,,
755,2023-04-18 12:36:00,,,,,,,,,,,,,,,,,,,,,,,,,,,,,,,
756,2023-04-18 12:37:00,,,,,,,,,,,,,,,,,,,,,,,,,,,,,,,
757,2023-04-18 12:38:00,,,,,,,,,,,,,,,,,,,,,,,,,,,,,,,
758,2023-04-18 12:39:00,,,,,,,,,,,,,,,,,,,,,,,,,,,,,,,
759,2023-04-18 12:40:00,,,,,,,,,,,,,,,,,,,,,,,,,,,,,,,
760,2023-04-18 12:41:00,,,,,,,,,,,,,,,,,,,,,,,,,,,,,,,
761,2023-04-18 12:42:00,,,,,,,,,,,,,,,,,,,,,,,,,,,,,,,
762,2023-04-18 12:43:00,,,,,,,,,,,,,,,,,,,,,,,,,,,,,,,
763,2023-04-18 12:44:00,,,,,,,,,,,,,,,,,,,,,,,,,,,,,,,
764,2023-04-18 12:45:00,,,,,,,,,,,,,,,,,,,,,,,,,,,,,,,
765,2023-04-18 12:46:00,,,,,,,,,,,,,,,,,,,,,,,,,,,,,,,
766,2023-04-18 12:47:00,,,,,,,,,,,,,,,,,,,,,,,,,,,,,,,
767,2023-04-18 12:48:00,,,,,,,,,,,,,,,,,,,,,,,,,,,,,,,
768,2023-04-18 12:49:00,,,,,,,,,,,,,,,,,,,,,,,,,,,,,,,
769,2023-04-18 12:50:00,,,,,,,,,,,,,,,,,,,,,,,,,,,,,,,
770,2023-04-18 12:51:00,,,,,,,,,,,,,,,,,,,,,,,,,,,,,,,
771,2023-04-18 12:52:00,,,,,,,,,,,,,,,,,,,,,,,,,,,,,,,
772,2023-04-18 12:53:00,,,,,,,,,,,,,,,,,,,,,,,,,,,,,,,
773,2023-04-18 12:54:00,,,,,,,,,,,,,,,,,,,,,,,,,,,,,,,
774,2023-04-18 12:55:00,,,,,,,,,,,,,,,,,,,,,,,,,,,,,,,
775,2023-04-18 12:56:00,,,,,,,,,,,,,,,,,,,,,,,,,,,,,,,
776,2023-04-18 12:57:00,,,,,,,,,,,,,,,,,,,,,,,,,,,,,,,
777,2023-04-18 12:58:00,,,,,,,,,,,,,,,,,,,,,,,,,,,,,,,
778,2023-04-18 12:59:00,,,,,,,,,,,,,,,,,,,,,,,,,,,,,,,
779,2023-04-18 13:00:00,,,,,,,,,,,,,,,,,,,,,,,,,,,,,,,
780,2023-04-18 13:01:00,,,,,,,,,,,,,,,,,,,,,,,,,,,,,,,
781,2023-04-18 13:02:00,,,,,,,,,,,,,,,,,,,,,,,,,,,,,,,
782,2023-04-18 13:03:00,,,,,,,,,,,,,,,,,,,,,,,,,,,,,,,
783,2023-04-18 13:04:00,,,,,,,,,,,,,,,,,,,,,,,,,,,,,,,
784,2023-04-18 13:05:00,,,,,,,,,,,,,,,,,,,,,,,,,,,,,,,
785,2023-04-18 13:06:00,,,,,,,,,,,,,,,,,,,,,,,,,,,,,,,
786,2023-04-18 13:07:00,,,,,,,,,,,,,,,,,,,,,,,,,,,,,,,
787,2023-04-18 13:08:00,,,,,,,,,,,,,,,,,,,,,,,,,,,,,,,
788,2023-04-18 13:09:00,,,,,,,,,,,,,,,,,,,,,,,,,,,,,,,
789,2023-04-18 13:10:00,,,,,,,,,,,,,,,,,,,,,,,,,,,,,,,
790,2023-04-18 13:11:00,,,,,,,,,,,,,,,,,,,,,,,,,,,,,,,
791,2023-04-18 13:12:00,,,,,,,,,,,,,,,,,,,,,,,,,,,,,,,
792,2023-04-18 13:13:00,,,,,,,,,,,,,,,,,,,,,,,,,,,,,,,
793,2023-04-18 13:14:00,,,,,,,,,,,,,,,,,,,,,,,,,,,,,,,
794,2023-04-18 13:15:00,,,,,,,,,,,,,,,,,,,,,,,,,,,,,,,
795,2023-04-18 13:16:00,,,,,,,,,,,,,,,,,,,,,,,,,,,,,,,
796,2023-04-18 13:17:00,,,,,,,,,,,,,,,,,,,,,,,,,,,,,,,
797,2023-04-18 13:18:00,,,,,,,,,,,,,,,,,,,,,,,,,,,,,,,
798,2023-04-18 13:19:00,,,,,,,,,,,,,,,,,,,,,,,,,,,,,,,
799,2023-04-18 13:20:00,,,,,,,,,,,,,,,,,,,,,,,,,,,,,,,
800,2023-04-18 13:21:00,,,,,,,,,,,,,,,,,,,,,,,,,,,,,,,
801,2023-04-18 13:22:00,,,,,,,,,,,,,,,,,,,,,,,,,,,,,,,
802,2023-04-18 13:23:00,,,,,,,,,,,,,,,,,,,,,,,,,,,,,,,
803,2023-04-18 13:24:00,,,,,,,,,,,,,,,,,,,,,,,,,,,,,,,
804,2023-04-18 13:25:00,,,,,,,,,,,,,,,,,,,,,,,,,,,,,,,
805,2023-04-18 13:26:00,,,,,,,,,,,,,,,,,,,,,,,,,,,,,,,
806,2023-04-18 13:27:00,,,,,,,,,,,,,,,,,,,,,,,,,,,,,,,
807,2023-04-18 13:28:00,,,,,,,,,,,,,,,,,,,,,,,,,,,,,,,
808,2023-04-18 13:29:00,,,,,,,,,,,,,,,,,,,,,,,,,,,,,,,
809,2023-04-18 13:30:00,,,,,,,,,,,,,,,,,,,,,,,,,,,,,,,
810,2023-04-18 13:31:00,,,,,,,,,,,,,,,,,,,,,,,,,,,,,,,
811,2023-04-18 13:32:00,,,,,,,,,,,,,,,,,,,,,,,,,,,,,,,
812,2023-04-18 13:33:00,,,,,,,,,,,,,,,,,,,,,,,,,,,,,,,
813,2023-04-18 13:34:00,,,,,,,,,,,,,,,,,,,,,,,,,,,,,,,
814,2023-04-18 13:35:00,,,,,,,,,,,,,,,,,,,,,,,,,,,,,,,
815,2023-04-18 13:36:00,,,,,,,,,,,,,,,,,,,,,,,,,,,,,,,
816,2023-04-18 13:37:00,,,,,,,,,,,,,,,,,,,,,,,,,,,,,,,
817,2023-04-18 13:38:00,,,,,,,,,,,,,,,,,,,,,,,,,,,,,,,
818,2023-04-18 13:39:00,,,,,,,,,,,,,,,,,,,,,,,,,,,,,,,
819,2023-04-18 13:40:00,,,,,,,,,,,,,,,,,,,,,,,,,,,,,,,
820,2023-04-18 13:41:00,,,,,,,,,,,,,,,,,,,,,,,,,,,,,,,
821,2023-04-18 13:42:00,,,,,,,,,,,,,,,,,,,,,,,,,,,,,,,
822,2023-04-18 13:43:00,,,,,,,,,,,,,,,,,,,,,,,,,,,,,,,
823,2023-04-18 13:44:00,,,,,,,,,,,,,,,,,,,,,,,,,,,,,,,
824,2023-04-18 13:45:00,,,,,,,,,,,,,,,,,,,,,,,,,,,,,,,
825,2023-04-18 13:46:00,,,,,,,,,,,,,,,,,,,,,,,,,,,,,,,
826,2023-04-18 13:47:00,,,,,,,,,,,,,,,,,,,,,,,,,,,,,,,
827,2023-04-18 13:48:00,,,,,,,,,,,,,,,,,,,,,,,,,,,,,,,
828,2023-04-18 13:49:00,,,,,,,,,,,,,,,,,,,,,,,,,,,,,,,
829,2023-04-18 13:50:00,,,,,,,,,,,,,,,,,,,,,,,,,,,,,,,
830,2023-04-18 13:51:00,,,,,,,,,,,,,,,,,,,,,,,,,,,,,,,
831,2023-04-18 13:52:00,,,,,,,,,,,,,,,,,,,,,,,,,,,,,,,
832,2023-04-18 13:53:00,,,,,,,,,,,,,,,,,,,,,,,,,,,,,,,
833,2023-04-18 13:54:00,,,,,,,,,,,,,,,,,,,,,,,,,,,,,,,
834,2023-04-18 13:55:00,,,,,,,,,,,,,,,,,,,,,,,,,,,,,,,
835,2023-04-18 13:56:00,,,,,,,,,,,,,,,,,,,,,,,,,,,,,,,
836,2023-04-18 13:57:00,,,,,,,,,,,,,,,,,,,,,,,,,,,,,,,
837,2023-04-18 13:58:00,,,,,,,,,,,,,,,,,,,,,,,,,,,,,,,
838,2023-04-18 13:59:00,,,,,,,,,,,,,,,,,,,,,,,,,,,,,,,
839,2023-04-18 14:00:00,,,,,,,,,,,,,,,,,,,,,,,,,,,,,,,
840,2023-04-18 14:01:00,,,,,,,,,,,,,,,,,,,,,,,,,,,,,,,
841,2023-04-18 14:02:00,,,,,,,,,,,,,,,,,,,,,,,,,,,,,,,
842,2023-04-18 14:03:00,,,,,,,,,,,,,,,,,,,,,,,,,,,,,,,
843,2023-04-18 14:04:00,,,,,,,,,,,,,,,,,,,,,,,,,,,,,,,
844,2023-04-18 14:05:00,,,,,,,,,,,,,,,,,,,,,,,,,,,,,,,
845,2023-04-18 14:06:00,,,,,,,,,,,,,,,,,,,,,,,,,,,,,,,
846,2023-04-18 14:07:00,,,,,,,,,,,,,,,,,,,,,,,,,,,,,,,
847,2023-04-18 14:08:00,,,,,,,,,,,,,,,,,,,,,,,,,,,,,,,
848,2023-04-18 14:09:00,,,,,,,,,,,,,,,,,,,,,,,,,,,,,,,
849,2023-04-18 14:10:00,,,,,,,,,,,,,,,,,,,,,,,,,,,,,,,
850,2023-04-18 14:11:00,,,,,,,,,,,,,,,,,,,,,,,,,,,,,,,
851,2023-04-18 14:12:00,,,,,,,,,,,,,,,,,,,,,,,,,,,,,,,
852,2023-04-18 14:13:00,,,,,,,,,,,,,,,,,,,,,,,,,,,,,,,
853,2023-04-18 14:14:00,,,,,,,,,,,,,,,,,,,,,,,,,,,,,,,
854,2023-04-18 14:15:00,,,,,,,,,,,,,,,,,,,,,,,,,,,,,,,
855,2023-04-18 14:16:00,,,,,,,,,,,,,,,,,,,,,,,,,,,,,,,
856,2023-04-18 14:17:00,,,,,,,,,,,,,,,,,,,,,,,,,,,,,,,
857,2023-04-18 14:18:00,,,,,,,,,,,,,,,,,,,,,,,,,,,,,,,
858,2023-04-18 14:19:00,,,,,,,,,,,,,,,,,,,,,,,,,,,,,,,
859,2023-04-18 14:20:00,,,,,,,,,,,,,,,,,,,,,,,,,,,,,,,
860,2023-04-18 14:21:00,,,,,,,,,,,,,,,,,,,,,,,,,,,,,,,
861,2023-04-18 14:22:00,,,,,,,,,,,,,,,,,,,,,,,,,,,,,,,
862,2023-04-18 14:23:00,,,,,,,,,,,,,,,,,,,,,,,,,,,,,,,
863,2023-04-18 14:24:00,,,,,,,,,,,,,,,,,,,,,,,,,,,,,,,
864,2023-04-18 14:25:00,,,,,,,,,,,,,,,,,,,,,,,,,,,,,,,
865,2023-04-18 14:26:00,,,,,,,,,,,,,,,,,,,,,,,,,,,,,,,
866,2023-04-18 14:27:00,,,,,,,,,,,,,,,,,,,,,,,,,,,,,,,
867,2023-04-18 14:28:00,,,,,,,,,,,,,,,,,,,,,,,,,,,,,,,
868,2023-04-18 14:29:00,,,,,,,,,,,,,,,,,,,,,,,,,,,,,,,
869,2023-04-18 14:30:00,,,,,,,,,,,,,,,,,,,,,,,,,,,,,,,
870,2023-04-18 14:31:00,,,,,,,,,,,,,,,,,,,,,,,,,,,,,,,
871,2023-04-18 14:32:00,,,,,,,,,,,,,,,,,,,,,,,,,,,,,,,
872,2023-04-18 14:33:00,,,,,,,,,,,,,,,,,,,,,,,,,,,,,,,
873,2023-04-18 14:34:00,,,,,,,,,,,,,,,,,,,,,,,,,,,,,,,
874,2023-04-18 14:35:00,,,,,,,,,,,,,,,,,,,,,,,,,,,,,,,
875,2023-04-18 14:36:00,,,,,,,,,,,,,,,,,,,,,,,,,,,,,,,
876,2023-04-18 14:37:00,,,,,,,,,,,,,,,,,,,,,,,,,,,,,,,
877,2023-04-18 14:38:00,,,,,,,,,,,,,,,,,,,,,,,,,,,,,,,
878,2023-04-18 14:39:00,,,,,,,,,,,,,,,,,,,,,,,,,,,,,,,
879,2023-04-18 14:40:00,,,,,,,,,,,,,,,,,,,,,,,,,,,,,,,
880,2023-04-18 14:41:00,,,,,,,,,,,,,,,,,,,,,,,,,,,,,,,
881,2023-04-18 14:42:00,,,,,,,,,,,,,,,,,,,,,,,,,,,,,,,
882,2023-04-18 14:43:00,,,,,,,,,,,,,,,,,,,,,,,,,,,,,,,
883,2023-04-18 14:44:00,,,,,,,,,,,,,,,,,,,,,,,,,,,,,,,
884,2023-04-18 14:45:00,,,,,,,,,,,,,,,,,,,,,,,,,,,,,,,
885,2023-04-18 14:46:00,,,,,,,,,,,,,,,,,,,,,,,,,,,,,,,
886,2023-04-18 14:47:00,,,,,,,,,,,,,,,,,,,,,,,,,,,,,,,
887,2023-04-18 14:48:00,,,,,,,,,,,,,,,,,,,,,,,,,,,,,,,
888,2023-04-18 14:49:00,,,,,,,,,,,,,,,,,,,,,,,,,,,,,,,
889,2023-04-18 14:50:00,,,,,,,,,,,,,,,,,,,,,,,,,,,,,,,
890,2023-04-18 14:51:00,,,,,,,,,,,,,,,,,,,,,,,,,,,,,,,
891,2023-04-18 14:52:00,,,,,,,,,,,,,,,,,,,,,,,,,,,,,,,
892,2023-04-18 14:53:00,,,,,,,,,,,,,,,,,,,,,,,,,,,,,,,
893,2023-04-18 14:54:00,,,,,,,,,,,,,,,,,,,,,,,,,,,,,,,
894,2023-04-18 14:55:00,,,,,,,,,,,,,,,,,,,,,,,,,,,,,,,
895,2023-04-18 14:56:00,,,,,,,,,,,,,,,,,,,,,,,,,,,,,,,
896,2023-04-18 14:57:00,,,,,,,,,,,,,,,,,,,,,,,,,,,,,,,
897,2023-04-18 14:58:00,,,,,,,,,,,,,,,,,,,,,,,,,,,,,,,
898,2023-04-18 14:59:00,,,,,,,,,,,,,,,,,,,,,,,,,,,,,,,
899,2023-04-18 15:00:00,,,,,,,,,,,,,,,,,,,,,,,,,,,,,,,
900,2023-04-18 15:01:00,,,,,,,,,,,,,,,,,,,,,,,,,,,,,,,
901,2023-04-18 15:02:00,,,,,,,,,,,,,,,,,,,,,,,,,,,,,,,
902,2023-04-18 15:03:00,,,,,,,,,,,,,,,,,,,,,,,,,,,,,,,
903,2023-04-18 15:04:00,,,,,,,,,,,,,,,,,,,,,,,,,,,,,,,
904,2023-04-18 15:05:00,,,,,,,,,,,,,,,,,,,,,,,,,,,,,,,
905,2023-04-18 15:06:00,,,,,,,,,,,,,,,,,,,,,,,,,,,,,,,
906,2023-04-18 15:07:00,,,,,,,,,,,,,,,,,,,,,,,,,,,,,,,
907,2023-04-18 15:08:00,,,,,,,,,,,,,,,,,,,,,,,,,,,,,,,
908,2023-04-18 15:09:00,,,,,,,,,,,,,,,,,,,,,,,,,,,,,,,
909,2023-04-18 15:10:00,,,,,,,,,,,,,,,,,,,,,,,,,,,,,,,
910,2023-04-18 15:11:00,,,,,,,,,,,,,,,,,,,,,,,,,,,,,,,
911,2023-04-18 15:12:00,,,,,,,,,,,,,,,,,,,,,,,,,,,,,,,
912,2023-04-18 15:13:00,,,,,,,,,,,,,,,,,,,,,,,,,,,,,,,
913,2023-04-18 15:14:00,,,,,,,,,,,,,,,,,,,,,,,,,,,,,,,
914,2023-04-18 15:15:00,,,,,,,,,,,,,,,,,,,,,,,,,,,,,,,
915,2023-04-18 15:16:00,,,,,,,,,,,,,,,,,,,,,,,,,,,,,,,
916,2023-04-18 15:17:00,,,,,,,,,,,,,,,,,,,,,,,,,,,,,,,
917,2023-04-18 15:18:00,,,,,,,,,,,,,,,,,,,,,,,,,,,,,,,
918,2023-04-18 15:19:00,,,,,,,,,,,,,,,,,,,,,,,,,,,,,,,
919,2023-04-18 15:20:00,,,,,,,,,,,,,,,,,,,,,,,,,,,,,,,
920,2023-04-18 15:21:00,,,,,,,,,,,,,,,,,,,,,,,,,,,,,,,
921,2023-04-18 15:22:00,,,,,,,,,,,,,,,,,,,,,,,,,,,,,,,
922,2023-04-18 15:23:00,,,,,,,,,,,,,,,,,,,,,,,,,,,,,,,
923,2023-04-18 15:24:00,,,,,,,,,,,,,,,,,,,,,,,,,,,,,,,
924,2023-04-18 15:25:00,,,,,,,,,,,,,,,,,,,,,,,,,,,,,,,
925,2023-04-18 15:26:00,,,,,,,,,,,,,,,,,,,,,,,,,,,,,,,
926,2023-04-18 15:27:00,,,,,,,,,,,,,,,,,,,,,,,,,,,,,,,
927,2023-04-18 15:28:00,,,,,,,,,,,,,,,,,,,,,,,,,,,,,,,
928,2023-04-18 15:29:00,,,,,,,,,,,,,,,,,,,,,,,,,,,,,,,
929,2023-04-18 15:30:00,,,,,,,,,,,,,,,,,,,,,,,,,,,,,,,
930,2023-04-18 15:31:00,,,,,,,,,,,,,,,,,,,,,,,,,,,,,,,
931,2023-04-18 15:32:00,,,,,,,,,,,,,,,,,,,,,,,,,,,,,,,
932,2023-04-18 15:33:00,,,,,,,,,,,,,,,,,,,,,,,,,,,,,,,
933,2023-04-18 15:34:00,,,,,,,,,,,,,,,,,,,,,,,,,,,,,,,
934,2023-04-18 15:35:00,,,,,,,,,,,,,,,,,,,,,,,,,,,,,,,
935,2023-04-18 15:36:00,,,,,,,,,,,,,,,,,,,,,,,,,,,,,,,
936,2023-04-18 15:37:00,,,,,,,,,,,,,,,,,,,,,,,,,,,,,,,
937,2023-04-18 15:38:00,,,,,,,,,,,,,,,,,,,,,,,,,,,,,,,
938,2023-04-18 15:39:00,,,,,,,,,,,,,,,,,,,,,,,,,,,,,,,
939,2023-04-18 15:40:00,,,,,,,,,,,,,,,,,,,,,,,,,,,,,,,
940,2023-04-18 15:41:00,,,,,,,,,,,,,,,,,,,,,,,,,,,,,,,
941,2023-04-18 15:42:00,,,,,,,,,,,,,,,,,,,,,,,,,,,,,,,
942,2023-04-18 15:43:00,,,,,,,,,,,,,,,,,,,,,,,,,,,,,,,
943,2023-04-18 15:44:00,,,,,,,,,,,,,,,,,,,,,,,,,,,,,,,
944,2023-04-18 15:45:00,,,,,,,,,,,,,,,,,,,,,,,,,,,,,,,
945,2023-04-18 15:46:00,,,,,,,,,,,,,,,,,,,,,,,,,,,,,,,
946,2023-04-18 15:47:00,,,,,,,,,,,,,,,,,,,,,,,,,,,,,,,
947,2023-04-18 15:48:00,,,,,,,,,,,,,,,,,,,,,,,,,,,,,,,
948,2023-04-18 15:49:00,,,,,,,,,,,,,,,,,,,,,,,,,,,,,,,
949,2023-04-18 15:50:00,,,,,,,,,,,,,,,,,,,,,,,,,,,,,,,
950,2023-04-18 15:51:00,,,,,,,,,,,,,,,,,,,,,,,,,,,,,,,
951,2023-04-18 15:52:00,,,,,,,,,,,,,,,,,,,,,,,,,,,,,,,
952,2023-04-18 15:53:00,,,,,,,,,,,,,,,,,,,,,,,,,,,,,,,
953,2023-04-18 15:54:00,,,,,,,,,,,,,,,,,,,,,,,,,,,,,,,
954,2023-04-18 15:55:00,,,,,,,,,,,,,,,,,,,,,,,,,,,,,,,
955,2023-04-18 15:56:00,,,,,,,,,,,,,,,,,,,,,,,,,,,,,,,
956,2023-04-18 15:57:00,,,,,,,,,,,,,,,,,,,,,,,,,,,,,,,
957,2023-04-18 15:58:00,,,,,,,,,,,,,,,,,,,,,,,,,,,,,,,
958,2023-04-18 15:59:00,,,,,,,,,,,,,,,,,,,,,,,,,,,,,,,
959,2023-04-18 16:00:00,,,,,,,,,,,,,,,,,,,,,,,,,,,,,,,
960,2023-04-18 16:01:00,,,,,,,,,,,,,,,,,,,,,,,,,,,,,,,
961,2023-04-18 16:02:00,,,,,,,,,,,,,,,,,,,,,,,,,,,,,,,
962,2023-04-18 16:03:00,,,,,,,,,,,,,,,,,,,,,,,,,,,,,,,
963,2023-04-18 16:04:00,,,,,,,,,,,,,,,,,,,,,,,,,,,,,,,
964,2023-04-18 16:05:00,,,,,,,,,,,,,,,,,,,,,,,,,,,,,,,
965,2023-04-18 16:06:00,,,,,,,,,,,,,,,,,,,,,,,,,,,,,,,
966,2023-04-18 16:07:00,,,,,,,,,,,,,,,,,,,,,,,,,,,,,,,
967,2023-04-18 16:08:00,,,,,,,,,,,,,,,,,,,,,,,,,,,,,,,
968,2023-04-18 16:09:00,,,,,,,,,,,,,,,,,,,,,,,,,,,,,,,
969,2023-04-18 16:10:00,,,,,,,,,,,,,,,,,,,,,,,,,,,,,,,
970,2023-04-18 16:11:00,,,,,,,,,,,,,,,,,,,,,,,,,,,,,,,
971,2023-04-18 16:12:00,,,,,,,,,,,,,,,,,,,,,,,,,,,,,,,
972,2023-04-18 16:13:00,,,,,,,,,,,,,,,,,,,,,,,,,,,,,,,
973,2023-04-18 16:14:00,,,,,,,,,,,,,,,,,,,,,,,,,,,,,,,
974,2023-04-18 16:15:00,,,,,,,,,,,,,,,,,,,,,,,,,,,,,,,
975,2023-04-18 16:16:00,,,,,,,,,,,,,,,,,,,,,,,,,,,,,,,
976,2023-04-18 16:17:00,,,,,,,,,,,,,,,,,,,,,,,,,,,,,,,
977,2023-04-18 16:18:00,,,,,,,,,,,,,,,,,,,,,,,,,,,,,,,
978,2023-04-18 16:19:00,,,,,,,,,,,,,,,,,,,,,,,,,,,,,,,
979,2023-04-18 16:20:00,,,,,,,,,,,,,,,,,,,,,,,,,,,,,,,
980,2023-04-18 16:21:00,,,,,,,,,,,,,,,,,,,,,,,,,,,,,,,
981,2023-04-18 16:22:00,,,,,,,,,,,,,,,,,,,,,,,,,,,,,,,
982,2023-04-18 16:23:00,,,,,,,,,,,,,,,,,,,,,,,,,,,,,,,
983,2023-04-18 16:24:00,,,,,,,,,,,,,,,,,,,,,,,,,,,,,,,
984,2023-04-18 16:25:00,,,,,,,,,,,,,,,,,,,,,,,,,,,,,,,
985,2023-04-18 16:26:00,,,,,,,,,,,,,,,,,,,,,,,,,,,,,,,
986,2023-04-18 16:27:00,,,,,,,,,,,,,,,,,,,,,,,,,,,,,,,
987,2023-04-18 16:28:00,,,,,,,,,,,,,,,,,,,,,,,,,,,,,,,
988,2023-04-18 16:29:00,,,,,,,,,,,,,,,,,,,,,,,,,,,,,,,
989,2023-04-18 16:30:00,,,,,,,,,,,,,,,,,,,,,,,,,,,,,,,
990,2023-04-18 16:31:00,,,,,,,,,,,,,,,,,,,,,,,,,,,,,,,
991,2023-04-18 16:32:00,,,,,,,,,,,,,,,,,,,,,,,,,,,,,,,
992,2023-04-18 16:33:00,,,,,,,,,,,,,,,,,,,,,,,,,,,,,,,
993,2023-04-18 16:34:00,,,,,,,,,,,,,,,,,,,,,,,,,,,,,,,
994,2023-04-18 16:35:00,,,,,,,,,,,,,,,,,,,,,,,,,,,,,,,
995,2023-04-18 16:36:00,,,,,,,,,,,,,,,,,,,,,,,,,,,,,,,
996,2023-04-18 16:37:00,,,,,,,,,,,,,,,,,,,,,,,,,,,,,,,
997,2023-04-18 16:38:00,,,,,,,,,,,,,,,,,,,,,,,,,,,,,,,
998,2023-04-18 16:39:00,,,,,,,,,,,,,,,,,,,,,,,,,,,,,,,
999,2023-04-18 16:40:00,,,,,,,,,,,,,,,,,,,,,,,,,,,,,,,
1000,2023-04-18 16:41:00,,,,,,,,,,,,,,,,,,,,,,,,,,,,,,,
1001,2023-04-18 16:42:00,,,,,,,,,,,,,,,,,,,,,,,,,,,,,,,
1002,2023-04-18 16:43:00,,,,,,,,,,,,,,,,,,,,,,,,,,,,,,,
1003,2023-04-18 16:44:00,,,,,,,,,,,,,,,,,,,,,,,,,,,,,,,
1004,2023-04-18 16:45:00,,,,,,,,,,,,,,,,,,,,,,,,,,,,,,,
1005,2023-04-18 16:46:00,,,,,,,,,,,,,,,,,,,,,,,,,,,,,,,
1006,2023-04-18 16:47:00,,,,,,,,,,,,,,,,,,,,,,,,,,,,,,,
1007,2023-04-18 16:48:00,,,,,,,,,,,,,,,,,,,,,,,,,,,,,,,
1008,2023-04-18 16:49:00,,,,,,,,,,,,,,,,,,,,,,,,,,,,,,,
1009,2023-04-18 16:50:00,,,,,,,,,,,,,,,,,,,,,,,,,,,,,,,
1010,2023-04-18 16:51:00,,,,,,,,,,,,,,,,,,,,,,,,,,,,,,,
1011,2023-04-18 16:52:00,,,,,,,,,,,,,,,,,,,,,,,,,,,,,,,
1012,2023-04-18 16:53:00,,,,,,,,,,,,,,,,,,,,,,,,,,,,,,,
1013,2023-04-18 16:54:00,,,,,,,,,,,,,,,,,,,,,,,,,,,,,,,
1014,2023-04-18 16:55:00,,,,,,,,,,,,,,,,,,,,,,,,,,,,,,,
1015,2023-04-18 16:56:00,,,,,,,,,,,,,,,,,,,,,,,,,,,,,,,
1016,2023-04-18 16:57:00,,,,,,,,,,,,,,,,,,,,,,,,,,,,,,,
1017,2023-04-18 16:58:00,,,,,,,,,,,,,,,,,,,,,,,,,,,,,,,
1018,2023-04-18 16:59:00,,,,,,,,,,,,,,,,,,,,,,,,,,,,,,,
1019,2023-04-18 17:00:00,,,,,,,,,,,,,,,,,,,,,,,,,,,,,,,
1020,2023-04-18 17:01:00,,,,,,,,,,,,,,,,,,,,,,,,,,,,,,,
1021,2023-04-18 17:02:00,,,,,,,,,,,,,,,,,,,,,,,,,,,,,,,
1022,2023-04-18 17:03:00,,,,,,,,,,,,,,,,,,,,,,,,,,,,,,,
1023,2023-04-18 17:04:00,,,,,,,,,,,,,,,,,,,,,,,,,,,,,,,
1024,2023-04-18 17:05:00,,,,,,,,,,,,,,,,,,,,,,,,,,,,,,,
1025,2023-04-18 17:06:00,,,,,,,,,,,,,,,,,,,,,,,,,,,,,,,
1026,2023-04-18 17:07:00,,,,,,,,,,,,,,,,,,,,,,,,,,,,,,,
1027,2023-04-18 17:08:00,,,,,,,,,,,,,,,,,,,,,,,,,,,,,,,
1028,2023-04-18 17:09:00,,,,,,,,,,,,,,,,,,,,,,,,,,,,,,,
1029,2023-04-18 17:10:00,,,,,,,,,,,,,,,,,,,,,,,,,,,,,,,
1030,2023-04-18 17:11:00,,,,,,,,,,,,,,,,,,,,,,,,,,,,,,,
1031,2023-04-18 17:12:00,,,,,,,,,,,,,,,,,,,,,,,,,,,,,,,
1032,2023-04-18 17:13:00,,,,,,,,,,,,,,,,,,,,,,,,,,,,,,,
1033,2023-04-18 17:14:00,,,,,,,,,,,,,,,,,,,,,,,,,,,,,,,
1034,2023-04-18 17:15:00,,,,,,,,,,,,,,,,,,,,,,,,,,,,,,,
1035,2023-04-18 17:16:00,,,,,,,,,,,,,,,,,,,,,,,,,,,,,,,
1036,2023-04-18 17:17:00,,,,,,,,,,,,,,,,,,,,,,,,,,,,,,,
1037,2023-04-18 17:18:00,,,,,,,,,,,,,,,,,,,,,,,,,,,,,,,
1038,2023-04-18 17:19:00,,,,,,,,,,,,,,,,,,,,,,,,,,,,,,,
1039,2023-04-18 17:20:00,,,,,,,,,,,,,,,,,,,,,,,,,,,,,,,
1040,2023-04-18 17:21:00,,,,,,,,,,,,,,,,,,,,,,,,,,,,,,,
1041,2023-04-18 17:22:00,,,,,,,,,,,,,,,,,,,,,,,,,,,,,,,
1042,2023-04-18 17:23:00,,,,,,,,,,,,,,,,,,,,,,,,,,,,,,,
1043,2023-04-18 17:24:00,,,,,,,,,,,,,,,,,,,,,,,,,,,,,,,
1044,2023-04-18 17:25:00,,,,,,,,,,,,,,,,,,,,,,,,,,,,,,,
1045,2023-04-18 17:26:00,,,,,,,,,,,,,,,,,,,,,,,,,,,,,,,
1046,2023-04-18 17:27:00,,,,,,,,,,,,,,,,,,,,,,,,,,,,,,,
1047,2023-04-18 17:28:00,,,,,,,,,,,,,,,,,,,,,,,,,,,,,,,
1048,2023-04-18 17:29:00,,,,,,,,,,,,,,,,,,,,,,,,,,,,,,,
1049,2023-04-18 17:30:00,,,,,,,,,,,,,,,,,,,,,,,,,,,,,,,
1050,2023-04-18 17:31:00,,,,,,,,,,,,,,,,,,,,,,,,,,,,,,,
1051,2023-04-18 17:32:00,,,,,,,,,,,,,,,,,,,,,,,,,,,,,,,
1052,2023-04-18 17:33:00,,,,,,,,,,,,,,,,,,,,,,,,,,,,,,,
1053,2023-04-18 17:34:00,,,,,,,,,,,,,,,,,,,,,,,,,,,,,,,
1054,2023-04-18 17:35:00,,,,,,,,,,,,,,,,,,,,,,,,,,,,,,,
1055,2023-04-18 17:36:00,,,,,,,,,,,,,,,,,,,,,,,,,,,,,,,
1056,2023-04-18 17:37:00,,,,,,,,,,,,,,,,,,,,,,,,,,,,,,,
1057,2023-04-18 17:38:00,,,,,,,,,,,,,,,,,,,,,,,,,,,,,,,
1058,2023-04-18 17:39:00,,,,,,,,,,,,,,,,,,,,,,,,,,,,,,,
1059,2023-04-18 17:40:00,,,,,,,,,,,,,,,,,,,,,,,,,,,,,,,
1060,2023-04-18 17:41:00,,,,,,,,,,,,,,,,,,,,,,,,,,,,,,,
1061,2023-04-18 17:42:00,,,,,,,,,,,,,,,,,,,,,,,,,,,,,,,
1062,2023-04-18 17:43:00,,,,,,,,,,,,,,,,,,,,,,,,,,,,,,,
1063,2023-04-18 17:44:00,,,,,,,,,,,,,,,,,,,,,,,,,,,,,,,
1064,2023-04-18 17:45:00,,,,,,,,,,,,,,,,,,,,,,,,,,,,,,,
1065,2023-04-18 17:46:00,,,,,,,,,,,,,,,,,,,,,,,,,,,,,,,
1066,2023-04-18 17:47:00,,,,,,,,,,,,,,,,,,,,,,,,,,,,,,,
1067,2023-04-18 17:48:00,,,,,,,,,,,,,,,,,,,,,,,,,,,,,,,
1068,2023-04-18 17:49:00,,,,,,,,,,,,,,,,,,,,,,,,,,,,,,,
1069,2023-04-18 17:50:00,,,,,,,,,,,,,,,,,,,,,,,,,,,,,,,
1070,2023-04-18 17:51:00,,,,,,,,,,,,,,,,,,,,,,,,,,,,,,,
1071,2023-04-18 17:52:00,,,,,,,,,,,,,,,,,,,,,,,,,,,,,,,
1072,2023-04-18 17:53:00,,,,,,,,,,,,,,,,,,,,,,,,,,,,,,,
1073,2023-04-18 17:54:00,,,,,,,,,,,,,,,,,,,,,,,,,,,,,,,
1074,2023-04-18 17:55:00,,,,,,,,,,,,,,,,,,,,,,,,,,,,,,,
1075,2023-04-18 17:56:00,,,,,,,,,,,,,,,,,,,,,,,,,,,,,,,
1076,2023-04-18 17:57:00,,,,,,,,,,,,,,,,,,,,,,,,,,,,,,,
1077,2023-04-18 17:58:00,,,,,,,,,,,,,,,,,,,,,,,,,,,,,,,
1078,2023-04-18 17:59:00,,,,,,,,,,,,,,,,,,,,,,,,,,,,,,,
1079,2023-04-18 18:00:00,,,,,,,,,,,,,,,,,,,,,,,,,,,,,,,
1080,2023-04-18 18:01:00,,,,,,,,,,,,,,,,,,,,,,,,,,,,,,,
1081,2023-04-18 18:02:00,,,,,,,,,,,,,,,,,,,,,,,,,,,,,,,
1082,2023-04-18 18:03:00,,,,,,,,,,,,,,,,,,,,,,,,,,,,,,,
1083,2023-04-18 18:04:00,,,,,,,,,,,,,,,,,,,,,,,,,,,,,,,
1084,2023-04-18 18:05:00,,,,,,,,,,,,,,,,,,,,,,,,,,,,,,,
1085,2023-04-18 18:06:00,,,,,,,,,,,,,,,,,,,,,,,,,,,,,,,
1086,2023-04-18 18:07:00,,,,,,,,,,,,,,,,,,,,,,,,,,,,,,,
1087,2023-04-18 18:08:00,,,,,,,,,,,,,,,,,,,,,,,,,,,,,,,
1088,2023-04-18 18:09:00,,,,,,,,,,,,,,,,,,,,,,,,,,,,,,,
1089,2023-04-18 18:10:00,,,,,,,,,,,,,,,,,,,,,,,,,,,,,,,
1090,2023-04-18 18:11:00,,,,,,,,,,,,,,,,,,,,,,,,,,,,,,,
1091,2023-04-18 18:12:00,,,,,,,,,,,,,,,,,,,,,,,,,,,,,,,
1092,2023-04-18 18:13:00,,,,,,,,,,,,,,,,,,,,,,,,,,,,,,,
1093,2023-04-18 18:14:00,,,,,,,,,,,,,,,,,,,,,,,,,,,,,,,
1094,2023-04-18 18:15:00,,,,,,,,,,,,,,,,,,,,,,,,,,,,,,,
1095,2023-04-18 18:16:00,,,,,,,,,,,,,,,,,,,,,,,,,,,,,,,
1096,2023-04-18 18:17:00,,,,,,,,,,,,,,,,,,,,,,,,,,,,,,,
1097,2023-04-18 18:18:00,,,,,,,,,,,,,,,,,,,,,,,,,,,,,,,
1098,2023-04-18 18:19:00,,,,,,,,,,,,,,,,,,,,,,,,,,,,,,,
1099,2023-04-18 18:20:00,,,,,,,,,,,,,,,,,,,,,,,,,,,,,,,
1100,2023-04-18 18:21:00,,,,,,,,,,,,,,,,,,,,,,,,,,,,,,,
1101,2023-04-18 18:22:00,,,,,,,,,,,,,,,,,,,,,,,,,,,,,,,
1102,2023-04-18 18:23:00,,,,,,,,,,,,,,,,,,,,,,,,,,,,,,,
1103,2023-04-18 18:24:00,,,,,,,,,,,,,,,,,,,,,,,,,,,,,,,
1104,2023-04-18 18:25:00,,,,,,,,,,,,,,,,,,,,,,,,,,,,,,,
1105,2023-04-18 18:26:00,,,,,,,,,,,,,,,,,,,,,,,,,,,,,,,
1106,2023-04-18 18:27:00,,,,,,,,,,,,,,,,,,,,,,,,,,,,,,,
1107,2023-04-18 18:28:00,,,,,,,,,,,,,,,,,,,,,,,,,,,,,,,
1108,2023-04-18 18:29:00,,,,,,,,,,,,,,,,,,,,,,,,,,,,,,,
1109,2023-04-18 18:30:00,,,,,,,,,,,,,,,,,,,,,,,,,,,,,,,
1110,2023-04-18 18:31:00,,,,,,,,,,,,,,,,,,,,,,,,,,,,,,,
1111,2023-04-18 18:32:00,,,,,,,,,,,,,,,,,,,,,,,,,,,,,,,
1112,2023-04-18 18:33:00,,,,,,,,,,,,,,,,,,,,,,,,,,,,,,,
1113,2023-04-18 18:34:00,,,,,,,,,,,,,,,,,,,,,,,,,,,,,,,
1114,2023-04-18 18:35:00,,,,,,,,,,,,,,,,,,,,,,,,,,,,,,,
1115,2023-04-18 18:36:00,,,,,,,,,,,,,,,,,,,,,,,,,,,,,,,
1116,2023-04-18 18:37:00,,,,,,,,,,,,,,,,,,,,,,,,,,,,,,,
1117,2023-04-18 18:38:00,,,,,,,,,,,,,,,,,,,,,,,,,,,,,,,
1118,2023-04-18 18:39:00,,,,,,,,,,,,,,,,,,,,,,,,,,,,,,,
1119,2023-04-18 18:40:00,,,,,,,,,,,,,,,,,,,,,,,,,,,,,,,
1120,2023-04-18 18:41:00,,,,,,,,,,,,,,,,,,,,,,,,,,,,,,,
1121,2023-04-18 18:42:00,,,,,,,,,,,,,,,,,,,,,,,,,,,,,,,
1122,2023-04-18 18:43:00,,,,,,,,,,,,,,,,,,,,,,,,,,,,,,,
1123,2023-04-18 18:44:00,,,,,,,,,,,,,,,,,,,,,,,,,,,,,,,
1124,2023-04-18 18:45:00,,,,,,,,,,,,,,,,,,,,,,,,,,,,,,,
1125,2023-04-18 18:46:00,,,,,,,,,,,,,,,,,,,,,,,,,,,,,,,
1126,2023-04-18 18:47:00,,,,,,,,,,,,,,,,,,,,,,,,,,,,,,,
1127,2023-04-18 18:48:00,,,,,,,,,,,,,,,,,,,,,,,,,,,,,,,
1128,2023-04-18 18:49:00,,,,,,,,,,,,,,,,,,,,,,,,,,,,,,,
1129,2023-04-18 18:50:00,,,,,,,,,,,,,,,,,,,,,,,,,,,,,,,
1130,2023-04-18 18:51:00,,,,,,,,,,,,,,,,,,,,,,,,,,,,,,,
1131,2023-04-18 18:52:00,,,,,,,,,,,,,,,,,,,,,,,,,,,,,,,
1132,2023-04-18 18:53:00,,,,,,,,,,,,,,,,,,,,,,,,,,,,,,,
1133,2023-04-18 18:54:00,,,,,,,,,,,,,,,,,,,,,,,,,,,,,,,
1134,2023-04-18 18:55:00,,,,,,,,,,,,,,,,,,,,,,,,,,,,,,,
1135,2023-04-18 18:56:00,,,,,,,,,,,,,,,,,,,,,,,,,,,,,,,
1136,2023-04-18 18:57:00,,,,,,,,,,,,,,,,,,,,,,,,,,,,,,,
1137,2023-04-18 18:58:00,,,,,,,,,,,,,,,,,,,,,,,,,,,,,,,
1138,2023-04-18 18:59:00,,,,,,,,,,,,,,,,,,,,,,,,,,,,,,,
1139,2023-04-18 19:00:00,,,,,,,,,,,,,,,,,,,,,,,,,,,,,,,
1140,2023-04-18 19:01:00,,,,,,,,,,,,,,,,,,,,,,,,,,,,,,,
1141,2023-04-18 19:02:00,,,,,,,,,,,,,,,,,,,,,,,,,,,,,,,
1142,2023-04-18 19:03:00,,,,,,,,,,,,,,,,,,,,,,,,,,,,,,,
1143,2023-04-18 19:04:00,,,,,,,,,,,,,,,,,,,,,,,,,,,,,,,
1144,2023-04-18 19:05:00,,,,,,,,,,,,,,,,,,,,,,,,,,,,,,,
1145,2023-04-18 19:06:00,,,,,,,,,,,,,,,,,,,,,,,,,,,,,,,
1146,2023-04-18 19:07:00,,,,,,,,,,,,,,,,,,,,,,,,,,,,,,,
1147,2023-04-18 19:08:00,,,,,,,,,,,,,,,,,,,,,,,,,,,,,,,
1148,2023-04-18 19:09:00,,,,,,,,,,,,,,,,,,,,,,,,,,,,,,,
1149,2023-04-18 19:10:00,,,,,,,,,,,,,,,,,,,,,,,,,,,,,,,
1150,2023-04-18 19:11:00,,,,,,,,,,,,,,,,,,,,,,,,,,,,,,,
1151,2023-04-18 19:12:00,,,,,,,,,,,,,,,,,,,,,,,,,,,,,,,
1152,2023-04-18 19:13:00,,,,,,,,,,,,,,,,,,,,,,,,,,,,,,,
1153,2023-04-18 19:14:00,,,,,,,,,,,,,,,,,,,,,,,,,,,,,,,
1154,2023-04-18 19:15:00,,,,,,,,,,,,,,,,,,,,,,,,,,,,,,,
1155,2023-04-18 19:16:00,,,,,,,,,,,,,,,,,,,,,,,,,,,,,,,
1156,2023-04-18 19:17:00,,,,,,,,,,,,,,,,,,,,,,,,,,,,,,,
1157,2023-04-18 19:18:00,,,,,,,,,,,,,,,,,,,,,,,,,,,,,,,
1158,2023-04-18 19:19:00,,,,,,,,,,,,,,,,,,,,,,,,,,,,,,,
1159,2023-04-18 19:20:00,,,,,,,,,,,,,,,,,,,,,,,,,,,,,,,
1160,2023-04-18 19:21:00,,,,,,,,,,,,,,,,,,,,,,,,,,,,,,,
1161,2023-04-18 19:22:00,,,,,,,,,,,,,,,,,,,,,,,,,,,,,,,
1162,2023-04-18 19:23:00,,,,,,,,,,,,,,,,,,,,,,,,,,,,,,,
1163,2023-04-18 19:24:00,,,,,,,,,,,,,,,,,,,,,,,,,,,,,,,
1164,2023-04-18 19:25:00,,,,,,,,,,,,,,,,,,,,,,,,,,,,,,,
1165,2023-04-18 19:26:00,,,,,,,,,,,,,,,,,,,,,,,,,,,,,,,
1166,2023-04-18 19:27:00,,,,,,,,,,,,,,,,,,,,,,,,,,,,,,,
1167,2023-04-18 19:28:00,,,,,,,,,,,,,,,,,,,,,,,,,,,,,,,
1168,2023-04-18 19:29:00,,,,,,,,,,,,,,,,,,,,,,,,,,,,,,,
1169,2023-04-18 19:30:00,,,,,,,,,,,,,,,,,,,,,,,,,,,,,,,
1170,2023-04-18 19:31:00,,,,,,,,,,,,,,,,,,,,,,,,,,,,,,,
1171,2023-04-18 19:32:00,,,,,,,,,,,,,,,,,,,,,,,,,,,,,,,
1172,2023-04-18 19:33:00,,,,,,,,,,,,,,,,,,,,,,,,,,,,,,,
1173,2023-04-18 19:34:00,,,,,,,,,,,,,,,,,,,,,,,,,,,,,,,
1174,2023-04-18 19:35:00,,,,,,,,,,,,,,,,,,,,,,,,,,,,,,,
1175,2023-04-18 19:36:00,,,,,,,,,,,,,,,,,,,,,,,,,,,,,,,
1176,2023-04-18 19:37:00,,,,,,,,,,,,,,,,,,,,,,,,,,,,,,,
1177,2023-04-18 19:38:00,,,,,,,,,,,,,,,,,,,,,,,,,,,,,,,
1178,2023-04-18 19:39:00,,,,,,,,,,,,,,,,,,,,,,,,,,,,,,,
1179,2023-04-18 19:40:00,,,,,,,,,,,,,,,,,,,,,,,,,,,,,,,
1180,2023-04-18 19:41:00,,,,,,,,,,,,,,,,,,,,,,,,,,,,,,,
1181,2023-04-18 19:42:00,,,,,,,,,,,,,,,,,,,,,,,,,,,,,,,
1182,2023-04-18 19:43:00,,,,,,,,,,,,,,,,,,,,,,,,,,,,,,,
1183,2023-04-18 19:44:00,,,,,,,,,,,,,,,,,,,,,,,,,,,,,,,
1184,2023-04-18 19:45:00,,,,,,,,,,,,,,,,,,,,,,,,,,,,,,,
1185,2023-04-18 19:46:00,,,,,,,,,,,,,,,,,,,,,,,,,,,,,,,
1186,2023-04-18 19:47:00,,,,,,,,,,,,,,,,,,,,,,,,,,,,,,,
1187,2023-04-18 19:48:00,,,,,,,,,,,,,,,,,,,,,,,,,,,,,,,
1188,2023-04-18 19:49:00,,,,,,,,,,,,,,,,,,,,,,,,,,,,,,,
1189,2023-04-18 19:50:00,,,,,,,,,,,,,,,,,,,,,,,,,,,,,,,
1190,2023-04-18 19:51:00,,,,,,,,,,,,,,,,,,,,,,,,,,,,,,,
1191,2023-04-18 19:52:00,,,,,,,,,,,,,,,,,,,,,,,,,,,,,,,
1192,2023-04-18 19:53:00,,,,,,,,,,,,,,,,,,,,,,,,,,,,,,,
1193,2023-04-18 19:54:00,,,,,,,,,,,,,,,,,,,,,,,,,,,,,,,
1194,2023-04-18 19:55:00,,,,,,,,,,,,,,,,,,,,,,,,,,,,,,,
1195,2023-04-18 19:56:00,,,,,,,,,,,,,,,,,,,,,,,,,,,,,,,
1196,2023-04-18 19:57:00,,,,,,,,,,,,,,,,,,,,,,,,,,,,,,,
1197,2023-04-18 19:58:00,,,,,,,,,,,,,,,,,,,,,,,,,,,,,,,
1198,2023-04-18 19:59:00,,,,,,,,,,,,,,,,,,,,,,,,,,,,,,,
1199,2023-04-18 20:00:00,,,,,,,,,,,,,,,,,,,,,,,,,,,,,,,
1200,2023-04-18 20:01:00,,,,,,,,,,,,,,,,,,,,,,,,,,,,,,,
1201,2023-04-18 20:02:00,,,,,,,,,,,,,,,,,,,,,,,,,,,,,,,
1202,2023-04-18 20:03:00,,,,,,,,,,,,,,,,,,,,,,,,,,,,,,,
1203,2023-04-18 20:04:00,,,,,,,,,,,,,,,,,,,,,,,,,,,,,,,
1204,2023-04-18 20:05:00,,,,,,,,,,,,,,,,,,,,,,,,,,,,,,,
1205,2023-04-18 20:06:00,,,,,,,,,,,,,,,,,,,,,,,,,,,,,,,
1206,2023-04-18 20:07:00,,,,,,,,,,,,,,,,,,,,,,,,,,,,,,,
1207,2023-04-18 20:08:00,,,,,,,,,,,,,,,,,,,,,,,,,,,,,,,
1208,2023-04-18 20:09:00,,,,,,,,,,,,,,,,,,,,,,,,,,,,,,,
1209,2023-04-18 20:10:00,,,,,,,,,,,,,,,,,,,,,,,,,,,,,,,
1210,2023-04-18 20:11:00,,,,,,,,,,,,,,,,,,,,,,,,,,,,,,,
1211,2023-04-18 20:12:00,,,,,,,,,,,,,,,,,,,,,,,,,,,,,,,
1212,2023-04-18 20:13:00,,,,,,,,,,,,,,,,,,,,,,,,,,,,,,,
1213,2023-04-18 20:14:00,,,,,,,,,,,,,,,,,,,,,,,,,,,,,,,
1214,2023-04-18 20:15:00,,,,,,,,,,,,,,,,,,,,,,,,,,,,,,,
1215,2023-04-18 20:16:00,,,,,,,,,,,,,,,,,,,,,,,,,,,,,,,
1216,2023-04-18 20:17:00,,,,,,,,,,,,,,,,,,,,,,,,,,,,,,,
1217,2023-04-18 20:18:00,,,,,,,,,,,,,,,,,,,,,,,,,,,,,,,
1218,2023-04-18 20:19:00,,,,,,,,,,,,,,,,,,,,,,,,,,,,,,,
1219,2023-04-18 20:20:00,,,,,,,,,,,,,,,,,,,,,,,,,,,,,,,
1220,2023-04-18 20:21:00,,,,,,,,,,,,,,,,,,,,,,,,,,,,,,,
1221,2023-04-18 20:22:00,,,,,,,,,,,,,,,,,,,,,,,,,,,,,,,
1222,2023-04-18 20:23:00,,,,,,,,,,,,,,,,,,,,,,,,,,,,,,,
1223,2023-04-18 20:24:00,,,,,,,,,,,,,,,,,,,,,,,,,,,,,,,
1224,2023-04-18 20:25:00,,,,,,,,,,,,,,,,,,,,,,,,,,,,,,,
1225,2023-04-18 20:26:00,,,,,,,,,,,,,,,,,,,,,,,,,,,,,,,
1226,2023-04-18 20:27:00,,,,,,,,,,,,,,,,,,,,,,,,,,,,,,,
1227,2023-04-18 20:28:00,,,,,,,,,,,,,,,,,,,,,,,,,,,,,,,
1228,2023-04-18 20:29:00,,,,,,,,,,,,,,,,,,,,,,,,,,,,,,,
1229,2023-04-18 20:30:00,,,,,,,,,,,,,,,,,,,,,,,,,,,,,,,
1230,2023-04-18 20:31:00,,,,,,,,,,,,,,,,,,,,,,,,,,,,,,,
1231,2023-04-18 20:32:00,,,,,,,,,,,,,,,,,,,,,,,,,,,,,,,
1232,2023-04-18 20:33:00,,,,,,,,,,,,,,,,,,,,,,,,,,,,,,,
1233,2023-04-18 20:34:00,,,,,,,,,,,,,,,,,,,,,,,,,,,,,,,
1234,2023-04-18 20:35:00,,,,,,,,,,,,,,,,,,,,,,,,,,,,,,,
1235,2023-04-18 20:36:00,,,,,,,,,,,,,,,,,,,,,,,,,,,,,,,
1236,2023-04-18 20:37:00,,,,,,,,,,,,,,,,,,,,,,,,,,,,,,,
1237,2023-04-18 20:38:00,,,,,,,,,,,,,,,,,,,,,,,,,,,,,,,
1238,2023-04-18 20:39:00,,,,,,,,,,,,,,,,,,,,,,,,,,,,,,,
1239,2023-04-18 20:40:00,,,,,,,,,,,,,,,,,,,,,,,,,,,,,,,
1240,2023-04-18 20:41:00,,,,,,,,,,,,,,,,,,,,,,,,,,,,,,,
1241,2023-04-18 20:42:00,,,,,,,,,,,,,,,,,,,,,,,,,,,,,,,
1242,2023-04-18 20:43:00,,,,,,,,,,,,,,,,,,,,,,,,,,,,,,,
1243,2023-04-18 20:44:00,,,,,,,,,,,,,,,,,,,,,,,,,,,,,,,
1244,2023-04-18 20:45:00,,,,,,,,,,,,,,,,,,,,,,,,,,,,,,,
1245,2023-04-18 20:46:00,,,,,,,,,,,,,,,,,,,,,,,,,,,,,,,
1246,2023-04-18 20:47:00,,,,,,,,,,,,,,,,,,,,,,,,,,,,,,,
1247,2023-04-18 20:48:00,,,,,,,,,,,,,,,,,,,,,,,,,,,,,,,
1248,2023-04-18 20:49:00,,,,,,,,,,,,,,,,,,,,,,,,,,,,,,,
1249,2023-04-18 20:50:00,,,,,,,,,,,,,,,,,,,,,,,,,,,,,,,
1250,2023-04-18 20:51:00,,,,,,,,,,,,,,,,,,,,,,,,,,,,,,,
1251,2023-04-18 20:52:00,,,,,,,,,,,,,,,,,,,,,,,,,,,,,,,
1252,2023-04-18 20:53:00,,,,,,,,,,,,,,,,,,,,,,,,,,,,,,,
1253,2023-04-18 20:54:00,,,,,,,,,,,,,,,,,,,,,,,,,,,,,,,
1254,2023-04-18 20:55:00,,,,,,,,,,,,,,,,,,,,,,,,,,,,,,,
1255,2023-04-18 20:56:00,,,,,,,,,,,,,,,,,,,,,,,,,,,,,,,
1256,2023-04-18 20:57:00,,,,,,,,,,,,,,,,,,,,,,,,,,,,,,,
1257,2023-04-18 20:58:00,,,,,,,,,,,,,,,,,,,,,,,,,,,,,,,
1258,2023-04-18 20:59:00,,,,,,,,,,,,,,,,,,,,,,,,,,,,,,,
1259,2023-04-18 21:00:00,,,,,,,,,,,,,,,,,,,,,,,,,,,,,,,
1260,2023-04-18 21:01:00,,,,,,,,,,,,,,,,,,,,,,,,,,,,,,,
1261,2023-04-18 21:02:00,,,,,,,,,,,,,,,,,,,,,,,,,,,,,,,
1262,2023-04-18 21:03:00,,,,,,,,,,,,,,,,,,,,,,,,,,,,,,,
1263,2023-04-18 21:04:00,,,,,,,,,,,,,,,,,,,,,,,,,,,,,,,
1264,2023-04-18 21:05:00,,,,,,,,,,,,,,,,,,,,,,,,,,,,,,,
1265,2023-04-18 21:06:00,,,,,,,,,,,,,,,,,,,,,,,,,,,,,,,
1266,2023-04-18 21:07:00,,,,,,,,,,,,,,,,,,,,,,,,,,,,,,,
1267,2023-04-18 21:08:00,,,,,,,,,,,,,,,,,,,,,,,,,,,,,,,
1268,2023-04-18 21:09:00,,,,,,,,,,,,,,,,,,,,,,,,,,,,,,,
1269,2023-04-18 21:10:00,,,,,,,,,,,,,,,,,,,,,,,,,,,,,,,
1270,2023-04-18 21:11:00,,,,,,,,,,,,,,,,,,,,,,,,,,,,,,,
1271,2023-04-18 21:12:00,,,,,,,,,,,,,,,,,,,,,,,,,,,,,,,
1272,2023-04-18 21:13:00,,,,,,,,,,,,,,,,,,,,,,,,,,,,,,,
1273,2023-04-18 21:14:00,,,,,,,,,,,,,,,,,,,,,,,,,,,,,,,
1274,2023-04-18 21:15:00,,,,,,,,,,,,,,,,,,,,,,,,,,,,,,,
1275,2023-04-18 21:16:00,,,,,,,,,,,,,,,,,,,,,,,,,,,,,,,
1276,2023-04-18 21:17:00,,,,,,,,,,,,,,,,,,,,,,,,,,,,,,,
1277,2023-04-18 21:18:00,,,,,,,,,,,,,,,,,,,,,,,,,,,,,,,
1278,2023-04-18 21:19:00,,,,,,,,,,,,,,,,,,,,,,,,,,,,,,,
1279,2023-04-18 21:20:00,,,,,,,,,,,,,,,,,,,,,,,,,,,,,,,
1280,2023-04-18 21:21:00,,,,,,,,,,,,,,,,,,,,,,,,,,,,,,,
1281,2023-04-18 21:22:00,,,,,,,,,,,,,,,,,,,,,,,,,,,,,,,
1282,2023-04-18 21:23:00,,,,,,,,,,,,,,,,,,,,,,,,,,,,,,,
1283,2023-04-18 21:24:00,,,,,,,,,,,,,,,,,,,,,,,,,,,,,,,
1284,2023-04-18 21:25:00,,,,,,,,,,,,,,,,,,,,,,,,,,,,,,,
1285,2023-04-18 21:26:00,,,,,,,,,,,,,,,,,,,,,,,,,,,,,,,
1286,2023-04-18 21:27:00,,,,,,,,,,,,,,,,,,,,,,,,,,,,,,,
1287,2023-04-18 21:28:00,,,,,,,,,,,,,,,,,,,,,,,,,,,,,,,
1288,2023-04-18 21:29:00,,,,,,,,,,,,,,,,,,,,,,,,,,,,,,,
1289,2023-04-18 21:30:00,,,,,,,,,,,,,,,,,,,,,,,,,,,,,,,
1290,2023-04-18 21:31:00,,,,,,,,,,,,,,,,,,,,,,,,,,,,,,,
1291,2023-04-18 21:32:00,,,,,,,,,,,,,,,,,,,,,,,,,,,,,,,
1292,2023-04-18 21:33:00,,,,,,,,,,,,,,,,,,,,,,,,,,,,,,,
1293,2023-04-18 21:34:00,,,,,,,,,,,,,,,,,,,,,,,,,,,,,,,
1294,2023-04-18 21:35:00,,,,,,,,,,,,,,,,,,,,,,,,,,,,,,,
1295,2023-04-18 21:36:00,,,,,,,,,,,,,,,,,,,,,,,,,,,,,,,
1296,2023-04-18 21:37:00,,,,,,,,,,,,,,,,,,,,,,,,,,,,,,,
1297,2023-04-18 21:38:00,,,,,,,,,,,,,,,,,,,,,,,,,,,,,,,
1298,2023-04-18 21:39:00,,,,,,,,,,,,,,,,,,,,,,,,,,,,,,,
1299,2023-04-18 21:40:00,,,,,,,,,,,,,,,,,,,,,,,,,,,,,,,
1300,2023-04-18 21:41:00,,,,,,,,,,,,,,,,,,,,,,,,,,,,,,,
1301,2023-04-18 21:42:00,,,,,,,,,,,,,,,,,,,,,,,,,,,,,,,
1302,2023-04-18 21:43:00,,,,,,,,,,,,,,,,,,,,,,,,,,,,,,,
1303,2023-04-18 21:44:00,,,,,,,,,,,,,,,,,,,,,,,,,,,,,,,
1304,2023-04-18 21:45:00,,,,,,,,,,,,,,,,,,,,,,,,,,,,,,,
1305,2023-04-18 21:46:00,,,,,,,,,,,,,,,,,,,,,,,,,,,,,,,
1306,2023-04-18 21:47:00,,,,,,,,,,,,,,,,,,,,,,,,,,,,,,,
1307,2023-04-18 21:48:00,,,,,,,,,,,,,,,,,,,,,,,,,,,,,,,
1308,2023-04-18 21:49:00,,,,,,,,,,,,,,,,,,,,,,,,,,,,,,,
1309,2023-04-18 21:50:00,,,,,,,,,,,,,,,,,,,,,,,,,,,,,,,
1310,2023-04-18 21:51:00,,,,,,,,,,,,,,,,,,,,,,,,,,,,,,,
1311,2023-04-18 21:52:00,,,,,,,,,,,,,,,,,,,,,,,,,,,,,,,
1312,2023-04-18 21:53:00,,,,,,,,,,,,,,,,,,,,,,,,,,,,,,,
1313,2023-04-18 21:54:00,,,,,,,,,,,,,,,,,,,,,,,,,,,,,,,
1314,2023-04-18 21:55:00,,,,,,,,,,,,,,,,,,,,,,,,,,,,,,,
1315,2023-04-18 21:56:00,,,,,,,,,,,,,,,,,,,,,,,,,,,,,,,
1316,2023-04-18 21:57:00,,,,,,,,,,,,,,,,,,,,,,,,,,,,,,,
1317,2023-04-18 21:58:00,,,,,,,,,,,,,,,,,,,,,,,,,,,,,,,
1318,2023-04-18 21:59:00,,,,,,,,,,,,,,,,,,,,,,,,,,,,,,,
1319,2023-04-18 22:00:00,,,,,,,,,,,,,,,,,,,,,,,,,,,,,,,
1320,2023-04-18 22:01:00,,,,,,,,,,,,,,,,,,,,,,,,,,,,,,,
1321,2023-04-18 22:02:00,,,,,,,,,,,,,,,,,,,,,,,,,,,,,,,
1322,2023-04-18 22:03:00,,,,,,,,,,,,,,,,,,,,,,,,,,,,,,,
1323,2023-04-18 22:04:00,,,,,,,,,,,,,,,,,,,,,,,,,,,,,,,
1324,2023-04-18 22:05:00,,,,,,,,,,,,,,,,,,,,,,,,,,,,,,,
1325,2023-04-18 22:06:00,,,,,,,,,,,,,,,,,,,,,,,,,,,,,,,
1326,2023-04-18 22:07:00,,,,,,,,,,,,,,,,,,,,,,,,,,,,,,,
1327,2023-04-18 22:08:00,,,,,,,,,,,,,,,,,,,,,,,,,,,,,,,
1328,2023-04-18 22:09:00,,,,,,,,,,,,,,,,,,,,,,,,,,,,,,,
1329,2023-04-18 22:10:00,,,,,,,,,,,,,,,,,,,,,,,,,,,,,,,
1330,2023-04-18 22:11:00,,,,,,,,,,,,,,,,,,,,,,,,,,,,,,,
1331,2023-04-18 22:12:00,,,,,,,,,,,,,,,,,,,,,,,,,,,,,,,
1332,2023-04-18 22:13:00,,,,,,,,,,,,,,,,,,,,,,,,,,,,,,,
1333,2023-04-18 22:14:00,,,,,,,,,,,,,,,,,,,,,,,,,,,,,,,
1334,2023-04-18 22:15:00,,,,,,,,,,,,,,,,,,,,,,,,,,,,,,,
1335,2023-04-18 22:16:00,,,,,,,,,,,,,,,,,,,,,,,,,,,,,,,
1336,2023-04-18 22:17:00,,,,,,,,,,,,,,,,,,,,,,,,,,,,,,,
1337,2023-04-18 22:18:00,,,,,,,,,,,,,,,,,,,,,,,,,,,,,,,
1338,2023-04-18 22:19:00,,,,,,,,,,,,,,,,,,,,,,,,,,,,,,,
1339,2023-04-18 22:20:00,,,,,,,,,,,,,,,,,,,,,,,,,,,,,,,
1340,2023-04-18 22:21:00,,,,,,,,,,,,,,,,,,,,,,,,,,,,,,,
1341,2023-04-18 22:22:00,,,,,,,,,,,,,,,,,,,,,,,,,,,,,,,
1342,2023-04-18 22:23:00,,,,,,,,,,,,,,,,,,,,,,,,,,,,,,,
1343,2023-04-18 22:24:00,,,,,,,,,,,,,,,,,,,,,,,,,,,,,,,
1344,2023-04-18 22:25:00,,,,,,,,,,,,,,,,,,,,,,,,,,,,,,,
1345,2023-04-18 22:26:00,,,,,,,,,,,,,,,,,,,,,,,,,,,,,,,
1346,2023-04-18 22:27:00,,,,,,,,,,,,,,,,,,,,,,,,,,,,,,,
1347,2023-04-18 22:28:00,,,,,,,,,,,,,,,,,,,,,,,,,,,,,,,
1348,2023-04-18 22:29:00,,,,,,,,,,,,,,,,,,,,,,,,,,,,,,,
1349,2023-04-18 22:30:00,,,,,,,,,,,,,,,,,,,,,,,,,,,,,,,
1350,2023-04-18 22:31:00,,,,,,,,,,,,,,,,,,,,,,,,,,,,,,,
1351,2023-04-18 22:32:00,,,,,,,,,,,,,,,,,,,,,,,,,,,,,,,
1352,2023-04-18 22:33:00,,,,,,,,,,,,,,,,,,,,,,,,,,,,,,,
1353,2023-04-18 22:34:00,,,,,,,,,,,,,,,,,,,,,,,,,,,,,,,
1354,2023-04-18 22:35:00,,,,,,,,,,,,,,,,,,,,,,,,,,,,,,,
1355,2023-04-18 22:36:00,,,,,,,,,,,,,,,,,,,,,,,,,,,,,,,
1356,2023-04-18 22:37:00,,,,,,,,,,,,,,,,,,,,,,,,,,,,,,,
1357,2023-04-18 22:38:00,,,,,,,,,,,,,,,,,,,,,,,,,,,,,,,
1358,2023-04-18 22:39:00,,,,,,,,,,,,,,,,,,,,,,,,,,,,,,,
1359,2023-04-18 22:40:00,,,,,,,,,,,,,,,,,,,,,,,,,,,,,,,
1360,2023-04-18 22:41:00,,,,,,,,,,,,,,,,,,,,,,,,,,,,,,,
1361,2023-04-18 22:42:00,,,,,,,,,,,,,,,,,,,,,,,,,,,,,,,
1362,2023-04-18 22:43:00,,,,,,,,,,,,,,,,,,,,,,,,,,,,,,,
1363,2023-04-18 22:44:00,,,,,,,,,,,,,,,,,,,,,,,,,,,,,,,
1364,2023-04-18 22:45:00,,,,,,,,,,,,,,,,,,,,,,,,,,,,,,,
1365,2023-04-18 22:46:00,,,,,,,,,,,,,,,,,,,,,,,,,,,,,,,
1366,2023-04-18 22:47:00,,,,,,,,,,,,,,,,,,,,,,,,,,,,,,,
1367,2023-04-18 22:48:00,,,,,,,,,,,,,,,,,,,,,,,,,,,,,,,
1368,2023-04-18 22:49:00,,,,,,,,,,,,,,,,,,,,,,,,,,,,,,,
1369,2023-04-18 22:50:00,,,,,,,,,,,,,,,,,,,,,,,,,,,,,,,
1370,2023-04-18 22:51:00,,,,,,,,,,,,,,,,,,,,,,,,,,,,,,,
1371,2023-04-18 22:52:00,,,,,,,,,,,,,,,,,,,,,,,,,,,,,,,
1372,2023-04-18 22:53:00,,,,,,,,,,,,,,,,,,,,,,,,,,,,,,,
1373,2023-04-18 22:54:00,,,,,,,,,,,,,,,,,,,,,,,,,,,,,,,
1374,2023-04-18 22:55:00,,,,,,,,,,,,,,,,,,,,,,,,,,,,,,,
1375,2023-04-18 22:56:00,,,,,,,,,,,,,,,,,,,,,,,,,,,,,,,
1376,2023-04-18 22:57:00,,,,,,,,,,,,,,,,,,,,,,,,,,,,,,,
1377,2023-04-18 22:58:00,,,,,,,,,,,,,,,,,,,,,,,,,,,,,,,
1378,2023-04-18 22:59:00,,,,,,,,,,,,,,,,,,,,,,,,,,,,,,,
1379,2023-04-18 23:00:00,,,,,,,,,,,,,,,,,,,,,,,,,,,,,,,
1380,2023-04-18 23:01:00,,,,,,,,,,,,,,,,,,,,,,,,,,,,,,,
1381,2023-04-18 23:02:00,,,,,,,,,,,,,,,,,,,,,,,,,,,,,,,
1382,2023-04-18 23:03:00,,,,,,,,,,,,,,,,,,,,,,,,,,,,,,,
1383,2023-04-18 23:04:00,,,,,,,,,,,,,,,,,,,,,,,,,,,,,,,
1384,2023-04-18 23:05:00,,,,,,,,,,,,,,,,,,,,,,,,,,,,,,,
1385,2023-04-18 23:06:00,,,,,,,,,,,,,,,,,,,,,,,,,,,,,,,
1386,2023-04-18 23:07:00,,,,,,,,,,,,,,,,,,,,,,,,,,,,,,,
1387,2023-04-18 23:08:00,,,,,,,,,,,,,,,,,,,,,,,,,,,,,,,
1388,2023-04-18 23:09:00,,,,,,,,,,,,,,,,,,,,,,,,,,,,,,,
1389,2023-04-18 23:10:00,,,,,,,,,,,,,,,,,,,,,,,,,,,,,,,
1390,2023-04-18 23:11:00,,,,,,,,,,,,,,,,,,,,,,,,,,,,,,,
1391,2023-04-18 23:12:00,,,,,,,,,,,,,,,,,,,,,,,,,,,,,,,
1392,2023-04-18 23:13:00,,,,,,,,,,,,,,,,,,,,,,,,,,,,,,,
1393,2023-04-18 23:14:00,,,,,,,,,,,,,,,,,,,,,,,,,,,,,,,
1394,2023-04-18 23:15:00,,,,,,,,,,,,,,,,,,,,,,,,,,,,,,,
1395,2023-04-18 23:16:00,,,,,,,,,,,,,,,,,,,,,,,,,,,,,,,
1396,2023-04-18 23:17:00,,,,,,,,,,,,,,,,,,,,,,,,,,,,,,,
1397,2023-04-18 23:18:00,,,,,,,,,,,,,,,,,,,,,,,,,,,,,,,
1398,2023-04-18 23:19:00,,,,,,,,,,,,,,,,,,,,,,,,,,,,,,,
1399,2023-04-18 23:20:00,,,,,,,,,,,,,,,,,,,,,,,,,,,,,,,
1400,2023-04-18 23:21:00,,,,,,,,,,,,,,,,,,,,,,,,,,,,,,,
1401,2023-04-18 23:22:00,,,,,,,,,,,,,,,,,,,,,,,,,,,,,,,
1402,2023-04-18 23:23:00,,,,,,,,,,,,,,,,,,,,,,,,,,,,,,,
1403,2023-04-18 23:24:00,,,,,,,,,,,,,,,,,,,,,,,,,,,,,,,
1404,2023-04-18 23:25:00,,,,,,,,,,,,,,,,,,,,,,,,,,,,,,,
1405,2023-04-18 23:26:00,,,,,,,,,,,,,,,,,,,,,,,,,,,,,,,
1406,2023-04-18 23:27:00,,,,,,,,,,,,,,,,,,,,,,,,,,,,,,,
1407,2023-04-18 23:28:00,,,,,,,,,,,,,,,,,,,,,,,,,,,,,,,
1408,2023-04-18 23:29:00,,,,,,,,,,,,,,,,,,,,,,,,,,,,,,,
1409,2023-04-18 23:30:00,,,,,,,,,,,,,,,,,,,,,,,,,,,,,,,
1410,2023-04-18 23:31:00,,,,,,,,,,,,,,,,,,,,,,,,,,,,,,,
1411,2023-04-18 23:32:00,,,,,,,,,,,,,,,,,,,,,,,,,,,,,,,
1412,2023-04-18 23:33:00,,,,,,,,,,,,,,,,,,,,,,,,,,,,,,,
1413,2023-04-18 23:34:00,,,,,,,,,,,,,,,,,,,,,,,,,,,,,,,
1414,2023-04-18 23:35:00,,,,,,,,,,,,,,,,,,,,,,,,,,,,,,,
1415,2023-04-18 23:36:00,,,,,,,,,,,,,,,,,,,,,,,,,,,,,,,
1416,2023-04-18 23:37:00,,,,,,,,,,,,,,,,,,,,,,,,,,,,,,,
1417,2023-04-18 23:38:00,,,,,,,,,,,,,,,,,,,,,,,,,,,,,,,
1418,2023-04-18 23:39:00,,,,,,,,,,,,,,,,,,,,,,,,,,,,,,,
1419,2023-04-18 23:40:00,,,,,,,,,,,,,,,,,,,,,,,,,,,,,,,
1420,2023-04-18 23:41:00,,,,,,,,,,,,,,,,,,,,,,,,,,,,,,,
1421,2023-04-18 23:42:00,,,,,,,,,,,,,,,,,,,,,,,,,,,,,,,
1422,2023-04-18 23:43:00,,,,,,,,,,,,,,,,,,,,,,,,,,,,,,,
1423,2023-04-18 23:44:00,,,,,,,,,,,,,,,,,,,,,,,,,,,,,,,
1424,2023-04-18 23:45:00,,,,,,,,,,,,,,,,,,,,,,,,,,,,,,,
1425,2023-04-18 23:46:00,,,,,,,,,,,,,,,,,,,,,,,,,,,,,,,
1426,2023-04-18 23:47:00,,,,,,,,,,,,,,,,,,,,,,,,,,,,,,,
1427,2023-04-18 23:48:00,,,,,,,,,,,,,,,,,,,,,,,,,,,,,,,
1428,2023-04-18 23:49:00,,,,,,,,,,,,,,,,,,,,,,,,,,,,,,,
1429,2023-04-18 23:50:00,,,,,,,,,,,,,,,,,,,,,,,,,,,,,,,
1430,2023-04-18 23:51:00,,,,,,,,,,,,,,,,,,,,,,,,,,,,,,,
1431,2023-04-18 23:52:00,,,,,,,,,,,,,,,,,,,,,,,,,,,,,,,
1432,2023-04-18 23:53:00,,,,,,,,,,,,,,,,,,,,,,,,,,,,,,,
1433,2023-04-18 23:54:00,,,,,,,,,,,,,,,,,,,,,,,,,,,,,,,
1434,2023-04-18 23:55:00,,,,,,,,,,,,,,,,,,,,,,,,,,,,,,,
1435,2023-04-18 23:56:00,,,,,,,,,,,,,,,,,,,,,,,,,,,,,,,
1436,2023-04-18 23:57:00,,,,,,,,,,,,,,,,,,,,,,,,,,,,,,,
1437,2023-04-18 23:58:00,,,,,,,,,,,,,,,,,,,,,,,,,,,,,,,
